{"model": "CNN_batchnorm", "learning_rates": [0.001, 0.0025, 0.005, 0.0075, 0.01], "nb_epochs_total": 2000, "epoch_step": 10, "mini_batch_size": 250, "best_epoch": 170, "best_lr": 0.0025, "best_error": 0, "results": [[50.90909090909091, 6.212121212121212, 2.1212121212121215, 0.6060606060606061, 0.7575757575757576, 0.45454545454545453, 0.30303030303030304, 0.15151515151515152, 0.15151515151515152, 0.15151515151515152, 0.15151515151515152, 0.15151515151515152, 0.15151515151515152, 0.15151515151515152, 0.15151515151515152, 0.15151515151515152, 0.15151515151515152, 0.15151515151515152, 0.15151515151515152, 0.15151515151515152, 0.15151515151515152, 0.15151515151515152, 0.15151515151515152, 0.15151515151515152, 0.15151515151515152, 0.15151515151515152, 0.15151515151515152, 0.15151515151515152, 0.15151515151515152, 0.15151515151515152, 0.15151515151515152, 0.15151515151515152, 0.15151515151515152, 0.15151515151515152, 0.15151515151515152, 0.15151515151515152, 0.15151515151515152, 0.15151515151515152, 0.15151515151515152, 0.15151515151515152, 0.15151515151515152, 0.15151515151515152, 0.15151515151515152, 0.15151515151515152, 0.15151515151515152, 0.15151515151515152, 0.15151515151515152, 0.15151515151515152, 0.15151515151515152, 0.15151515151515152, 0.15151515151515152, 0.15151515151515152, 0.15151515151515152, 0.15151515151515152, 0.15151515151515152, 0.15151515151515152, 0.15151515151515152, 0.15151515151515152, 0.15151515151515152, 0.15151515151515152, 0.15151515151515152, 0.15151515151515152, 0.15151515151515152, 0.15151515151515152, 0.15151515151515152, 0.15151515151515152, 0.15151515151515152, 0.15151515151515152, 0.15151515151515152, 0.15151515151515152, 0.15151515151515152, 0.15151515151515152, 0.15151515151515152, 0.15151515151515152, 0.15151515151515152, 0.15151515151515152, 0.15151515151515152, 0.15151515151515152, 0.15151515151515152, 0.15151515151515152, 0.15151515151515152, 0.15151515151515152, 0.15151515151515152, 0.15151515151515152, 0.15151515151515152, 0.15151515151515152, 0.15151515151515152, 0.15151515151515152, 0.15151515151515152, 0.15151515151515152, 0.15151515151515152, 0.15151515151515152, 0.15151515151515152, 0.15151515151515152, 0.15151515151515152, 0.15151515151515152, 0.15151515151515152, 0.15151515151515152, 0.15151515151515152, 0.15151515151515152, 0.15151515151515152, 0.15151515151515152, 0.15151515151515152, 0.15151515151515152, 0.15151515151515152, 0.15151515151515152, 0.15151515151515152, 0.15151515151515152, 0.15151515151515152, 0.15151515151515152, 0.15151515151515152, 0.15151515151515152, 0.15151515151515152, 0.15151515151515152, 0.15151515151515152, 0.15151515151515152, 0.15151515151515152, 0.15151515151515152, 0.15151515151515152, 0.15151515151515152, 0.15151515151515152, 0.15151515151515152, 0.15151515151515152, 0.15151515151515152, 0.15151515151515152, 0.15151515151515152, 0.15151515151515152, 0.15151515151515152, 0.15151515151515152, 0.15151515151515152, 0.15151515151515152, 0.15151515151515152, 0.15151515151515152, 0.15151515151515152, 0.15151515151515152, 0.15151515151515152, 0.15151515151515152, 0.15151515151515152, 0.15151515151515152, 0.15151515151515152, 0.15151515151515152, 0.15151515151515152, 0.15151515151515152, 0.15151515151515152, 0.15151515151515152, 0.15151515151515152, 0.15151515151515152, 0.15151515151515152, 0.15151515151515152, 0.15151515151515152, 0.15151515151515152, 0.15151515151515152, 0.15151515151515152, 0.15151515151515152, 0.15151515151515152, 0.15151515151515152, 0.15151515151515152, 0.15151515151515152, 0.15151515151515152, 0.15151515151515152, 0.15151515151515152, 0.15151515151515152, 0.15151515151515152, 0.15151515151515152, 0.15151515151515152, 0.15151515151515152, 0.15151515151515152, 0.15151515151515152, 0.15151515151515152, 0.15151515151515152, 0.15151515151515152, 0.15151515151515152, 0.15151515151515152, 0.15151515151515152, 0.15151515151515152, 0.15151515151515152, 0.15151515151515152, 0.15151515151515152, 0.15151515151515152, 0.15151515151515152, 0.15151515151515152, 0.15151515151515152, 0.15151515151515152, 0.15151515151515152, 0.15151515151515152, 0.15151515151515152, 0.15151515151515152, 0.15151515151515152, 0.15151515151515152, 0.15151515151515152, 0.15151515151515152, 0.15151515151515152, 0.15151515151515152, 0.15151515151515152, 0.15151515151515152, 0.15151515151515152, 0.15151515151515152, 0.15151515151515152, 0.15151515151515152, 0.15151515151515152, 0.15151515151515152], [48.03030303030303, 3.1818181818181817, 0.30303030303030304, 0.30303030303030304, 0.15151515151515152, 0.15151515151515152, 0.15151515151515152, 0.15151515151515152, 0.15151515151515152, 0.15151515151515152, 0.15151515151515152, 0.15151515151515152, 0.15151515151515152, 0.15151515151515152, 0.15151515151515152, 0.15151515151515152, 0.15151515151515152, 0.0, 0.15151515151515152, 0.0, 0.0, 0.0, 0.0, 0.0, 0.0, 0.0, 0.0, 0.0, 0.0, 0.0, 0.0, 0.0, 0.0, 0.0, 0.0, 0.0, 0.0, 0.0, 0.0, 0.0, 0.0, 0.0, 0.0, 0.0, 0.0, 0.0, 0.0, 0.0, 0.0, 0.0, 0.0, 0.0, 0.0, 0.0, 0.0, 0.0, 0.0, 0.0, 0.0, 0.0, 0.0, 0.0, 0.0, 0.0, 0.0, 0.0, 0.0, 0.0, 0.0, 0.0, 0.0, 0.0, 0.0, 0.0, 0.0, 0.0, 0.0, 0.0, 0.0, 0.0, 0.0, 0.0, 0.0, 0.0, 0.0, 0.0, 0.0, 0.0, 0.0, 0.0, 0.0, 0.0, 0.0, 0.0, 0.0, 12.424242424242424, 6.212121212121212, 2.272727272727273, 1.0606060606060608, 6.969696969696971, 0.7575757575757576, 0.45454545454545453, 0.45454545454545453, 0.45454545454545453, 0.45454545454545453, 0.45454545454545453, 0.45454545454545453, 0.45454545454545453, 0.45454545454545453, 0.45454545454545453, 0.45454545454545453, 0.45454545454545453, 0.45454545454545453, 0.45454545454545453, 0.45454545454545453, 0.45454545454545453, 0.45454545454545453, 0.45454545454545453, 0.45454545454545453, 0.45454545454545453, 0.45454545454545453, 0.45454545454545453, 0.45454545454545453, 0.45454545454545453, 0.45454545454545453, 0.45454545454545453, 0.45454545454545453, 0.45454545454545453, 0.45454545454545453, 0.45454545454545453, 0.45454545454545453, 0.45454545454545453, 0.45454545454545453, 0.30303030303030304, 0.30303030303030304, 0.30303030303030304, 0.30303030303030304, 0.30303030303030304, 0.30303030303030304, 0.30303030303030304, 0.30303030303030304, 0.30303030303030304, 0.30303030303030304, 0.30303030303030304, 0.30303030303030304, 0.30303030303030304, 0.30303030303030304, 0.30303030303030304, 0.30303030303030304, 0.30303030303030304, 0.30303030303030304, 0.30303030303030304, 0.30303030303030304, 0.30303030303030304, 0.30303030303030304, 0.30303030303030304, 0.30303030303030304, 0.30303030303030304, 0.30303030303030304, 0.30303030303030304, 0.30303030303030304, 0.30303030303030304, 0.30303030303030304, 0.30303030303030304, 0.30303030303030304, 0.30303030303030304, 0.30303030303030304, 0.30303030303030304, 0.30303030303030304, 0.30303030303030304, 0.30303030303030304, 0.30303030303030304, 0.30303030303030304, 0.30303030303030304, 0.30303030303030304, 0.30303030303030304, 0.30303030303030304, 0.30303030303030304, 0.30303030303030304, 0.30303030303030304, 0.30303030303030304, 0.30303030303030304, 0.30303030303030304, 0.30303030303030304, 0.30303030303030304, 0.30303030303030304, 0.30303030303030304, 0.30303030303030304, 0.30303030303030304, 0.30303030303030304, 0.30303030303030304, 0.30303030303030304, 0.30303030303030304, 0.30303030303030304, 0.30303030303030304, 0.30303030303030304, 0.30303030303030304, 0.30303030303030304, 0.30303030303030304, 0.30303030303030304, 0.30303030303030304], [46.666666666666664, 4.090909090909091, 1.8181818181818181, 0.45454545454545453, 0.15151515151515152, 0.15151515151515152, 0.15151515151515152, 0.15151515151515152, 0.15151515151515152, 0.15151515151515152, 0.15151515151515152, 0.15151515151515152, 0.15151515151515152, 0.15151515151515152, 0.15151515151515152, 0.15151515151515152, 0.15151515151515152, 0.15151515151515152, 0.15151515151515152, 0.15151515151515152, 0.15151515151515152, 0.15151515151515152, 0.15151515151515152, 0.15151515151515152, 0.15151515151515152, 0.15151515151515152, 0.15151515151515152, 0.15151515151515152, 