{"model": "CNN_both", "learning_rates": [0.001, 0.0025, 0.005, 0.0075, 0.01], "nb_epochs_total": 2000, "epoch_step": 10, "mini_batch_size": 250, "best_epoch": 100, "best_lr": 0.005, "best_error": 0, "results": [[48.03030303030303, 9.848484848484848, 2.878787878787879, 0.45454545454545453, 0.30303030303030304, 1.0606060606060608, 0.6060606060606061, 0.6060606060606061, 0.45454545454545453, 0.30303030303030304, 0.45454545454545453, 0.30303030303030304, 0.30303030303030304, 0.45454545454545453, 0.45454545454545453, 0.45454545454545453, 0.45454545454545453, 0.30303030303030304, 0.30303030303030304, 0.30303030303030304, 0.30303030303030304, 0.30303030303030304, 0.30303030303030304, 0.30303030303030304, 0.45454545454545453, 0.45454545454545453, 0.30303030303030304, 0.30303030303030304, 0.30303030303030304, 0.30303030303030304, 0.30303030303030304, 0.30303030303030304, 0.30303030303030304, 0.30303030303030304, 0.30303030303030304, 0.30303030303030304, 0.30303030303030304, 0.30303030303030304, 0.30303030303030304, 0.30303030303030304, 0.45454545454545453, 0.30303030303030304, 0.45454545454545453, 0.45454545454545453, 0.30303030303030304, 0.30303030303030304, 0.30303030303030304, 0.45454545454545453, 0.30303030303030304, 0.45454545454545453, 0.30303030303030304, 0.45454545454545453, 0.30303030303030304, 0.30303030303030304, 0.45454545454545453, 0.30303030303030304, 0.30303030303030304, 0.30303030303030304, 0.30303030303030304, 0.6060606060606061, 0.45454545454545453, 0.45454545454545453, 0.6060606060606061, 0.45454545454545453, 0.45454545454545453, 0.45454545454545453, 0.45454545454545453, 0.45454545454545453, 0.30303030303030304, 0.45454545454545453, 0.45454545454545453, 0.30303030303030304, 0.30303030303030304, 0.30303030303030304, 0.45454545454545453, 0.30303030303030304, 0.30303030303030304, 0.30303030303030304, 0.30303030303030304, 0.30303030303030304, 0.45454545454545453, 0.45454545454545453, 0.6060606060606061, 18.03030303030303, 4.090909090909091, 2.272727272727273, 2.1212121212121215, 1.8181818181818181, 1.3636363636363635, 0.9090909090909091, 0.9090909090909091, 0.7575757575757576, 0.9090909090909091, 0.9090909090909091, 0.9090909090909091, 0.9090909090909091, 0.6060606060606061, 0.7575757575757576, 0.6060606060606061, 0.9090909090909091, 0.9090909090909091, 0.6060606060606061, 0.7575757575757576, 0.45454545454545453, 0.6060606060606061, 0.7575757575757576, 0.45454545454545453, 0.45454545454545453, 0.45454545454545453, 0.6060606060606061, 0.45454545454545453, 0.45454545454545453, 0.7575757575757576, 0.6060606060606061, 0.6060606060606061, 0.6060606060606061, 0.6060606060606061, 0.30303030303030304, 0.6060606060606061, 0.45454545454545453, 0.45454545454545453, 0.45454545454545453, 0.45454545454545453, 0.6060606060606061, 0.45454545454545453, 0.45454545454545453, 0.45454545454545453, 0.45454545454545453, 0.6060606060606061, 0.45454545454545453, 0.45454545454545453, 0.45454545454545453, 0.30303030303030304, 0.45454545454545453, 0.45454545454545453, 0.45454545454545453, 0.30303030303030304, 0.6060606060606061, 0.45454545454545453, 0.6060606060606061, 0.6060606060606061, 0.45454545454545453, 0.45454545454545453, 0.6060606060606061, 0.45454545454545453, 0.30303030303030304, 0.45454545454545453, 0.45454545454545453, 0.45454545454545453, 0.6060606060606061, 0.15151515151515152, 0.45454545454545453, 0.45454545454545453, 0.30303030303030304, 0.45454545454545453, 0.30303030303030304, 0.15151515151515152, 0.45454545454545453, 0.30303030303030304, 0.45454545454545453, 0.30303030303030304, 0.45454545454545453, 0.30303030303030304, 0.45454545454545453, 0.45454545454545453, 0.30303030303030304, 0.15151515151515152, 0.45454545454545453, 0.30303030303030304, 0.15151515151515152, 0.15151515151515152, 0.30303030303030304, 0.15151515151515152, 0.30303030303030304, 0.15151515151515152, 0.15151515151515152, 0.30303030303030304, 0.45454545454545453, 0.45454545454545453, 0.45454545454545453, 0.30303030303030304, 0.45454545454545453, 0.15151515151515152, 0.15151515151515152, 0.6060606060606061, 0.30303030303030304, 0.45454545454545453, 0.45454545454545453, 0.45454545454545453, 0.45454545454545453, 0.15151515151515152, 0.6060606060606061, 0.30303030303030304, 0.15151515151515152, 0.15151515151515152, 0.45454545454545453, 0.15151515151515152, 0.15151515151515152, 15.151515151515152, 0.6060606060606061, 0.6060606060606061], [51.96969696969697, 5.757575757575758, 1.3636363636363635, 3.4848484848484853, 0.45454545454545453, 0.45454545454545453, 0.45454545454545453, 0.45454545454545453, 0.45454545454545453, 0.45454545454545453, 0.45454545454545453, 0.45454545454545453, 0.45454545454545453, 0.45454545454545453, 0.45454545454545453, 0.45454545454545453, 0.45454545454545453, 0.45454545454545453, 0.45454545454545453, 0.45454545454545453, 0.45454545454545453, 0.45454545454545453, 0.45454545454545453, 0.45454545454545453, 0.45454545454545453, 0.45454545454545453, 0.45454545454545453, 0.45454545454545453, 0.45454545454545453, 0.45454545454545453, 0.45454545454545453, 0.45454545454545453, 0.45454545454545453, 0.45454545454545453, 0.45454545454545453, 0.45454545454545453, 0.45454545454545453, 0.45454545454545453, 0.45454545454545453, 0.45454545454545453, 0.45454545454545453, 0.45454545454545453, 0.45454545454545453, 0.45454545454545453, 0.45454545454545453, 0.45454545454545453, 0.45454545454545453, 0.45454545454545453, 0.45454545454545453, 0.45454545454545453, 0.45454545454545453, 0.45454545454545453, 0.45454545454545453, 0.45454545454545453, 0.45454545454545453, 0.45454545454545453, 0.45454545454545453, 0.45454545454545453, 0.45454545454545453, 0.45454545454545453, 0.45454545454545453, 0.45454545454545453, 0.15151515151515152, 0.30303030303030304, 0.45454545454545453, 0.45454545454545453, 0.45454545454545453, 0.45454545454545453, 0.45454545454545453, 0.6060606060606061, 0.45454545454545453, 0.45454545454545453, 0.45454545454545453, 0.45454545454545453, 0.45454545454545453, 0.45454545454545453, 0.45454545454545453, 3.6363636363636362, 0.7575757575757576, 0.30303030303030304, 0.6060606060606061, 0.6060606060606061, 0.45454545454545453, 0.6060606060606061, 0.6060606060606061, 0.45454545454545453, 0.45454545454545453, 0.6060606060606061, 0.45454545454545453, 0.30303030303030304, 0.45454545454545453, 0.6060606060606061, 0.45454545454545453, 0.45454545454545453, 0.30303030303030304, 0.45454545454545453, 0.30303030303030304, 0.45454545454545453, 0.45454545454545453, 0.6060606060606061, 0.30303030303030304, 0.30303030303030304, 0.30303030303030304, 0.30303030303030304, 0.30303030303030304, 0.15151515151515152, 0.15151515151515152, 0.15151515151515152, 0.30303030303030304, 0.30303030303030304, 0.30303030303030304, 0.30303030303030304, 0.15151515151515152, 0.15151515151515152, 0.30303030303030304, 0.30303030303030304, 0.30303030303030304, 0.30303030303030304, 3.1818181818181817, 0.45454545454545453, 0.7575757575757576, 0.7575757575757576, 0.6060606060606061, 0.6060606060606061, 0.6060606060606061, 0.45454545454545453, 0.45454545454545453, 0.45454545454545453, 0.45454545454545453, 0.45454545454545453, 0.45454545454545453, 0.45454545454545453, 0.45454545454545453, 0.6060606060606061, 0.45454545454545453, 0.45454545454545453, 0.45454545454545453, 0.45454545454545453, 0.45454545454545453, 0.45454545454545453, 0.45454545454545453, 0.45454545454545453, 0.45454545454545453, 0.45454545454545453, 0.45454545454545453, 0.45454545454545453, 0.45454545454545453, 0.45454545454545453, 0.45454545454545453, 0.45454545454545453, 0.45454545454545453, 0.45454545454545453, 0.6060606060606061, 0.45454545454545453, 0.45454545454545453, 0.45454545454545453, 0.45454545454545453, 0.45454545454545453, 0.45454545454545453, 0.45454545454545453, 0.45454545454545453, 0.45454545454545453, 0.45454545454545453, 0.45454545454545453, 0.45454545454545453, 0.45454545454545453, 0.45454545454545453, 0.45454545454545453, 0.45454545454545453, 0.6060606060606061, 0.45454545454545453, 0.45454545454545453, 0.45454545454545453, 