{"model": "CNN_dropout", "learning_rates": [0.001, 0.0025, 0.005, 0.0075, 0.01], "nb_epochs_total": 2000, "epoch_step": 10, "mini_batch_size": 250, "best_epoch": 1220, "best_lr": 0.001, "best_error": 0, "results": [[38.333333333333336, 24.545454545454547, 14.696969696969697, 9.848484848484848, 6.666666666666667, 2.5757575757575757, 1.5151515151515151, 0.9090909090909091, 1.3636363636363635, 1.2121212121212122, 1.3636363636363635, 0.9090909090909091, 1.0606060606060608, 7.727272727272727, 0.6060606060606061, 0.6060606060606061, 0.6060606060606061, 0.45454545454545453, 0.45454545454545453, 0.6060606060606061, 0.45454545454545453, 0.45454545454545453, 0.45454545454545453, 0.45454545454545453, 0.45454545454545453, 0.45454545454545453, 0.45454545454545453, 0.45454545454545453, 0.45454545454545453, 0.45454545454545453, 0.45454545454545453, 0.6060606060606061, 0.45454545454545453, 0.45454545454545453, 0.45454545454545453, 0.45454545454545453, 0.45454545454545453, 0.30303030303030304, 0.45454545454545453, 0.6060606060606061, 0.45454545454545453, 0.45454545454545453, 0.30303030303030304, 0.45454545454545453, 0.30303030303030304, 0.30303030303030304, 0.45454545454545453, 0.30303030303030304, 0.45454545454545453, 0.30303030303030304, 0.45454545454545453, 0.45454545454545453, 0.45454545454545453, 0.45454545454545453, 0.45454545454545453, 0.45454545454545453, 0.30303030303030304, 0.45454545454545453, 0.45454545454545453, 0.45454545454545453, 0.45454545454545453, 0.45454545454545453, 0.30303030303030304, 0.30303030303030304, 0.30303030303030304, 0.45454545454545453, 0.45454545454545453, 0.30303030303030304, 0.30303030303030304, 0.30303030303030304, 0.30303030303030304, 0.30303030303030304, 0.30303030303030304, 0.30303030303030304, 0.30303030303030304, 0.30303030303030304, 0.45454545454545453, 0.30303030303030304, 0.45454545454545453, 0.30303030303030304, 0.30303030303030304, 0.30303030303030304, 0.30303030303030304, 0.30303030303030304, 0.30303030303030304, 0.30303030303030304, 0.30303030303030304, 0.45454545454545453, 0.30303030303030304, 0.45454545454545453, 0.30303030303030304, 0.30303030303030304, 0.30303030303030304, 0.45454545454545453, 0.45454545454545453, 0.15151515151515152, 0.30303030303030304, 0.30303030303030304, 0.30303030303030304, 0.45454545454545453, 0.30303030303030304, 0.30303030303030304, 0.30303030303030304, 0.30303030303030304, 0.45454545454545453, 0.30303030303030304, 0.45454545454545453, 0.30303030303030304, 0.30303030303030304, 0.30303030303030304, 0.6060606060606061, 6.515151515151516, 0.30303030303030304, 0.15151515151515152, 0.15151515151515152, 0.30303030303030304, 0.15151515151515152, 0.15151515151515152, 0.15151515151515152, 0.15151515151515152, 0.15151515151515152, 0.15151515151515152, 0.0, 0.0, 0.0, 0.15151515151515152, 0.0, 0.0, 0.0, 0.0, 0.0, 0.0, 0.0, 0.0, 0.0, 0.0, 0.0, 0.0, 0.0, 0.0, 0.0, 0.0, 0.0, 0.0, 0.0, 0.0, 0.0, 0.0, 0.0, 0.0, 0.0, 0.0, 0.0, 0.0, 0.0, 0.0, 0.0, 0.0, 0.0, 0.0, 0.0, 0.0, 0.0, 0.0, 0.0, 0.0, 0.0, 0.0, 0.0, 0.0, 0.0, 0.0, 0.0, 0.0, 0.0, 0.0, 0.0, 0.0, 0.15151515151515152, 0.0, 0.0, 0.0, 0.0, 0.0, 0.0, 0.0, 0.0, 0.0, 0.0, 0.0, 0.0, 0.0, 0.0, 0.15151515151515152, 0.0, 0.0, 0.0, 0.0, 0.15151515151515152, 0.0, 0.9090909090909091], [43.18181818181818, 15.606060606060607, 5.606060606060606, 2.4242424242424243, 0.6060606060606061, 0.6060606060606061, 0.45454545454545453, 0.45454545454545453, 0.45454545454545453, 0.45454545454545453, 0.45454545454545453, 0.45454545454545453, 0.45454545454545453, 0.45454545454545453, 0.45454545454545453, 0.45454545454545453, 0.45454545454545453, 0.45454545454545453, 0.45454545454545453, 0.45454545454545453, 0.45454545454545453, 0.45454545454545453, 0.30303030303030304, 0.45454545454545453, 0.45454545454545453, 0.45454545454545453, 0.30303030303030304, 0.30303030303030304, 0.30303030303030304, 0.45454545454545453, 0.30303030303030304, 0.30303030303030304, 0.30303030303030304, 0.30303030303030304, 0.45454545454545453, 0.30303030303030304, 0.30303030303030304, 0.30303030303030304, 0.30303030303030304, 0.30303030303030304, 0.30303030303030304, 0.30303030303030304, 0.15151515151515152, 0.30303030303030304, 0.30303030303030304, 0.45454545454545453, 0.30303030303030304, 0.15151515151515152, 11.969696969696969, 3.939393939393939, 0.7575757575757576, 0.30303030303030304, 0.15151515151515152, 0.15151515151515152, 0.30303030303030304, 0.30303030303030304, 0.30303030303030304, 0.45454545454545453, 0.15151515151515152, 0.15151515151515152, 0.15151515151515152, 0.15151515151515152, 0.15151515151515152, 0.15151515151515152, 0.15151515151515152, 0.15151515151515152, 0.15151515151515152, 0.30303030303030304, 0.15151515151515152, 0.30303030303030304, 0.15151515151515152, 0.30303030303030304, 0.15151515151515152, 0.15151515151515152, 0.15151515151515152, 0.30303030303030304, 0.30303030303030304, 0.15151515151515152, 0.15151515151515152, 0.30303030303030304, 0.15151515151515152, 0.45454545454545453, 0.30303030303030304, 0.30303030303030304, 0.15151515151515152, 0.30303030303030304, 0.30303030303030304, 0.30303030303030304, 0.30303030303030304, 0.30303030303030304, 0.30303030303030304, 0.15151515151515152, 0.15151515151515152, 0.30303030303030304, 0.30303030303030304, 0.15151515151515152, 0.15151515151515152, 0.45454545454545453, 0.15151515151515152, 0.15151515151515152, 0.15151515151515152, 0.15151515151515152, 0.15151515151515152, 0.15151515151515152, 0.15151515151515152, 0.15151515151515152, 0.15151515151515152, 0.15151515151515152, 0.15151515151515152, 0.15151515151515152, 0.15151515151515152, 0.15151515151515152, 0.15151515151515152, 0.15151515151515152, 0.15151515151515152, 0.15151515151515152, 0.15151515151515152, 0.15151515151515152, 0.15151515151515152, 0.15151515151515152, 0.15151515151515152, 0.15151515151515152, 0.15151515151515152, 0.15151515151515152, 0.15151515151515152, 0.15151515151515152, 0.15151515151515152, 0.15151515151515152, 0.15151515151515152, 0.15151515151515152, 0.15151515151515152, 0.15151515151515152, 0.15151515151515152, 0.15151515151515152, 0.15151515151515152, 0.15151515151515152, 0.15151515151515152, 0.15151515151515152, 0.15151515151515152, 0.15151515151515152, 0.15151515151515152, 0.15151515151515152, 0.15151515151515152, 0.15151515151515152, 0.15151515151515152, 0.15151515151515152, 0.15151515151515152, 0.15151515151515152, 0.15151515151515152, 0.15151515151515152, 0.15151515151515152, 7.878787878787878, 0.7575757575757576, 1.0606060606060608, 0.7575757575757576, 0.6060606060606061, 0.6060606060606061, 0.6060606060606061, 0.30303030303030304, 0.30303030303030304, 0.30303030303030304, 0.15151515151515152, 0.15151515151515152, 0.15151515151515152, 0.15151515151515152, 0.15151515151515152, 0.15151515151515152, 0.15151515151515152, 0.15151515151515152, 0.15151515151515152, 0.15151515151515152, 0.15151515151515152, 0.15151515151515152, 0.15151515151515152, 0.15151515151515152, 0.15151515151515152, 0.15151515151515152, 0.15151515151515152, 0.15151515151515152, 0.15151515151515152, 0.15151515151515152, 0.15151515151515152, 0.15151515151515152, 0.15151515151515152, 0.15151515151515152, 0.15151515151515152, 0.15151515151515152, 0.15151515151515152, 0.15151515151515152, 0.15151515151515152, 0.15151515151515152, 0.15151515151515152, 0.15151515151515152, 0.15151515151515152, 0.15151515151515152, 0.15151515151515152, 0.15151515151515152, 0.15151515151515152, 1.3636363636363635, 0.15151515151515152, 0.15151515151515152], [44.3939393939394, 11.818181818181818, 0.9090909090909091, 0.6060606060606061, 0.30303030303030304, 0.30303030303030304, 0.15151515151515152, 0.15151515151515152, 0.15151515151515152, 0.30303030303030304, 0.15151515151515152, 0.15151515151515152, 0.15151515151515152, 0.15151515151515152, 0.15151515151515152, 0.15151515151515152, 0.15151515151515152, 0.15151515151515152, 0.15151515151515152, 0.7575757575757576, 0.15151515151515152, 0.15151515151515152, 0.15151515151515152, 0.15151515151515152, 0.15151515151515152, 0.15151515151515152, 0.0, 0.15151515151515152, 