{"model": "Basic_CNN", "best_error": 0, "mini_batch_size": 250, "nb_epochs_total": 100, "best_lr": 0.0025, "best_epoch": 15, "learning_rates": [0.001, 0.0025, 0.005, 0.0075, 0.01], "epoch_step": 5, "results": [[44.09090909090909, 41.96969696969697, 31.666666666666664, 12.272727272727273, 4.242424242424243, 0.15151515151515152, 0.30303030303030304, 0.0, 0.0, 0.30303030303030304, 0.0, 0.0, 0.0, 0.0, 0.0, 0.0, 0.0, 0.0, 0.0, 0.0, 0.0], [44.696969696969695, 19.393939393939394, 1.9696969696969695, 0.0, 0.0, 0.0, 0.0, 0.0, 0.0, 0.0, 0.0, 0.0, 0.0, 0.0, 0.0, 0.0, 0.0, 0.0, 0.0, 0.0, 0.0], [44.3939393939394, 25.757575757575758, 2.272727272727273, 0.15151515151515152, 0.15151515151515152, 0.15151515151515152, 1.9696969696969695, 0.0, 0.0, 0.0, 0.0, 0.0, 0.0, 0.0, 0.0, 0.0, 0.0, 0.0, 0.0, 0.0, 0.0], [47.42424242424242, 14.545454545454545, 0.15151515151515152, 0.0, 0.0, 0.0, 0.0, 0.0, 0.0, 0.0, 0.0, 0.0, 0.0, 0.0, 0.0, 0.0, 0.0, 0.0, 0.0, 0.0, 0.0], [45.60606060606061, 37.878787878787875, 6.212121212121212, 0.0, 0.0, 0.0, 0.0, 0.0, 0.0, 0.0, 0.0, 0.0, 0.0, 0.0, 0.0, 0.0, 0.0, 0.0, 0.0, 0.0, 0.0]]}