{"model": "CNN_both", "test_error": 40.9, "learning_rates": [0.001, 0.0025, 0.005, 0.0075, 0.01], "mini_batch_size": 250, "nb_epochs_total": 500, "best_lr": 0.005, "best_epoch": 40, "best_error": 0, "epoch_step": 5, "results": [[50.90909090909091, 27.121212121212125, 14.84848484848485, 8.787878787878787, 4.545454545454546, 3.0303030303030303, 1.8181818181818181, 1.0606060606060608, 1.2121212121212122, 13.030303030303031, 1.6666666666666667, 0.45454545454545453, 0.45454545454545453, 0.6060606060606061, 0.6060606060606061, 0.6060606060606061, 0.45454545454545453, 0.45454545454545453, 0.30303030303030304, 0.45454545454545453, 0.45454545454545453, 0.6060606060606061, 0.45454545454545453, 0.45454545454545453, 0.45454545454545453, 0.45454545454545453, 0.45454545454545453, 0.45454545454545453, 0.45454545454545453, 0.30303030303030304, 0.45454545454545453, 0.45454545454545453, 0.45454545454545453, 0.6060606060606061, 0.6060606060606061, 0.6060606060606061, 0.45454545454545453, 0.30303030303030304, 0.7575757575757576, 0.45454545454545453, 0.30303030303030304, 0.45454545454545453, 0.30303030303030304, 0.30303030303030304, 0.7575757575757576, 0.7575757575757576, 0.30303030303030304, 0.45454545454545453, 0.45454545454545453, 0.7575757575757576, 0.45454545454545453, 0.6060606060606061, 0.45454545454545453, 0.45454545454545453, 0.6060606060606061, 0.45454545454545453, 0.6060606060606061, 0.7575757575757576, 0.45454545454545453, 0.6060606060606061, 0.45454545454545453, 0.30303030303030304, 0.7575757575757576, 0.6060606060606061, 0.45454545454545453, 0.45454545454545453, 0.45454545454545453, 0.45454545454545453, 0.7575757575757576, 0.7575757575757576, 0.45454545454545453, 0.30303030303030304, 0.30303030303030304, 0.45454545454545453, 0.7575757575757576, 0.45454545454545453, 0.45454545454545453, 0.7575757575757576, 0.45454545454545453, 0.30303030303030304, 0.30303030303030304, 0.6060606060606061, 0.45454545454545453, 0.45454545454545453, 0.6060606060606061, 0.7575757575757576, 0.7575757575757576, 0.7575757575757576, 0.7575757575757576, 0.7575757575757576, 0.45454545454545453, 0.45454545454545453, 0.6060606060606061, 0.6060606060606061, 0.30303030303030304, 0.7575757575757576, 0.45454545454545453, 0.6060606060606061, 0.45454545454545453, 0.45454545454545453, 0.45454545454545453], [45.45454545454545, 21.818181818181817, 8.030303030303031, 4.393939393939394, 2.1212121212121215, 4.393939393939394, 1.3636363636363635, 0.45454545454545453, 0.30303030303030304, 0.15151515151515152, 0.30303030303030304, 0.15151515151515152, 0.15151515151515152, 0.15151515151515152, 0.15151515151515152, 0.15151515151515152, 0.15151515151515152, 0.15151515151515152, 0.15151515151515152, 0.15151515151515152, 0.15151515151515152, 0.15151515151515152, 0.15151515151515152, 0.15151515151515152, 0.15151515151515152, 0.15151515151515152, 0.15151515151515152, 0.15151515151515152, 0.15151515151515152, 0.15151515151515152, 0.15151515151515152, 0.15151515151515152, 0.15151515151515152, 0.15151515151515152, 0.15151515151515152, 0.15151515151515152, 0.15151515151515152, 0.15151515151515152, 0.15151515151515152, 0.15151515151515152, 0.15151515151515152, 0.15151515151515152, 0.15151515151515152, 0.15151515151515152, 0.15151515151515152, 0.15151515151515152, 0.15151515151515152, 0.15151515151515152, 0.15151515151515152, 0.15151515151515152, 0.15151515151515152, 0.15151515151515152, 0.15151515151515152, 0.15151515151515152, 0.15151515151515152, 0.15151515151515152, 0.15151515151515152, 0.15151515151515152, 0.15151515151515152, 0.15151515151515152, 0.15151515151515152, 0.15151515151515152, 0.15151515151515152, 0.15151515151515152, 0.15151515151515152, 0.15151515151515152, 0.15151515151515152, 0.15151515151515152, 0.15151515151515152, 0.15151515151515152, 0.15151515151515152, 0.15151515151515152, 0.15151515151515152, 0.15151515151515152, 0.15151515151515152, 0.15151515151515152, 0.15151515151515152, 0.15151515151515152, 0.15151515151515152, 0.15151515151515152, 0.15151515151515152, 0.15151515151515152, 0.15151515151515152, 0.15151515151515152, 0.15151515151515152, 0.15151515151515152, 0.15151515151515152, 0.15151515151515152, 0.15151515151515152, 0.15151515151515152, 0.15151515151515152, 0.15151515151515152, 0.15151515151515152, 0.15151515151515152, 0.15151515151515152, 0.15151515151515152, 0.15151515151515152, 0.15151515151515152, 0.15151515151515152, 0.15151515151515152, 0.15151515151515152], [36.06060606060606, 21.515151515151516, 10.454545454545453, 9.848484848484848, 9.090909090909092, 0.6060606060606061, 0.30303030303030304, 0.15151515151515152, 0.0, 0.0, 0.0, 0.0, 0.0, 0.0, 0.0, 0.0, 0.0, 0.0, 0.0, 0.0, 0.0, 0.0, 0.0, 0.0, 0.0, 0.0, 0.0, 0.0, 0.0, 0.0, 0.0, 0.0, 0.0, 0.0, 0.0, 0.0, 0.0, 0.0, 0.0, 0.0, 0.0, 0.0, 0.0, 0.0, 0.0, 0.0, 0.0, 0.0, 0.0, 0.0, 0.0, 0.0, 0.0, 0.0, 0.0, 0.0, 0.0, 0.0, 0.0, 0.0, 0.0, 0.0, 0.0, 0.0, 0.0, 0.0, 0.0, 0.0, 0.0, 0.0, 0.0, 0.0, 0.0, 0.0, 0.0, 0.0, 0.0, 0.0, 0.0, 0.0, 0.0, 0.0, 0.0, 0.0, 0.0, 0.0, 0.0, 0.0, 0.0, 0.0, 0.0, 0.0, 0.0, 0.0, 0.0, 0.0, 0.0, 0.0, 0.0, 0.0, 0.0], [39.24242424242424, 11.06060606060606, 11.363636363636363, 6.969696969696971, 1.8181818181818181, 2.5757575757575757, 1.6666666666666667, 1.3636363636363635, 3.787878787878788, 5.151515151515151, 0.30303030303030304, 0.30303030303030304, 0.30303030303030304, 0.30303030303030304, 0.30303030303030304, 0.30303030303030304, 0.30303030303030304, 0.30303030303030304, 0.30303030303030304, 0.15151515151515152, 0.15151515151515152, 0.15151515151515152, 0.15151515151515152, 0.15151515151515152, 0.15151515151515152, 0.15151515151515152, 0.15151515151515152, 0.15151515151515152, 0.15151515151515152, 0.15151515151515152, 0.15151515151515152, 0.15151515151515152, 0.15151515151515152, 0.15151515151515152, 0.15151515151515152, 0.15151515151515152, 0.15151515151515152, 0.15151515151515152, 0.15151515151515152, 0.15151515151515152, 0.15151515151515152, 0.15151515151515152, 0.15151515151515152, 0.15151515151515152, 0.15151515151515152, 0.15151515151515152, 0.15151515151515152, 0.15151515151515152, 0.15151515151515152, 0.15151515151515152, 0.15151515151515152, 0.15151515151515152, 0.15151515151515152, 0.15151515151515152, 0.15151515151515152, 0.15151515151515152, 0.15151515151515152, 0.15151515151515152, 0.15151515151515152, 0.15151515151515152, 0.15151515151515152, 0.15151515151515152, 0.15151515151515152, 0.15151515151515152, 0.15151515151515152, 0.15151515151515152, 0.0, 0.15151515151515152, 0.15151515151515152, 0.15151515151515152, 0.15151515151515152, 0.15151515151515152, 0.15151515151515152, 0.15151515151515152, 0.15151515151515152, 0.15151515151515152, 0.15151515151515152, 0.15151515151515152, 0.15151515151515152, 0.15151515151515152, 0.15151515151515152, 0.15151515151515152, 0.15151515151515152, 0.15151515151515152, 0.15151515151515152, 0.15151515151515152, 0.15151515151515152, 0.15151515151515152, 0.15151515151515152, 0.15151515151515152, 0.15151515151515152, 0.15151515151515152, 0.15151515151515152, 0.15151515151515152, 0.15151515151515152, 0.15151515151515152, 0.15151515151515152, 0.15151515151515152, 0.15151515151515152, 0.15151515151515152, 0.15151515151515152], [36.81818181818181, 9.242424242424242, 12.121212121212121, 2.4242424242424243, 4.090909090909091, 1.0606060606060608, 1.6666666666666667, 11.363636363636363, 0.45454545454545453, 1.2121212121212122, 0.0, 0.0, 0.0, 0.0, 0.0, 0.0, 0.0, 0.0, 0.0, 0.0, 0.0, 0.0, 0.0, 0.0, 0.0, 0.0, 0.0, 0.0, 0.0, 0.0, 0.0, 0.0, 0.0, 0.0, 0.0, 0.0, 0.0, 0.0, 0.0, 0.0, 0.0, 0.0, 0.0, 0.0, 0.0, 0.0, 0.0, 0.0, 0.0, 0.0, 0.0, 0.0, 0.0, 0.0, 0.0, 0.0, 0.0, 0.0, 0.0, 0.0, 0.0, 0.0, 0.0, 0.0, 0.0, 0.0, 0.0, 0.0, 0.0, 0.0, 0.0, 0.0, 0.0, 0.0, 0.0, 0.0, 0.0, 0.0, 0.0, 0.0, 0.0, 0.0, 0.0, 0.0, 0.0, 0.0, 0.0, 0.0, 0.0, 0.0, 0.0, 0.0, 0.0, 0.0, 0.0, 0.0, 0.0, 0.0, 0.0, 0.0, 0.0]]}