{"model": "CNN_dropout", "best_error": 0, "mini_batch_size": 250, "nb_epochs_total": 500, "best_lr": 0.01, "best_epoch": 20, "learning_rates": [0.001, 0.0025, 0.005, 0.0075, 0.01], "epoch_step": 5, "results": [[51.36363636363637, 29.545454545454547, 23.18181818181818, 15.909090909090908, 10.303030303030303, 8.030303030303031, 6.212121212121212, 5.454545454545454, 3.1818181818181817, 2.4242424242424243, 3.0303030303030303, 6.515151515151516, 1.3636363636363635, 1.2121212121212122, 0.7575757575757576, 0.45454545454545453, 0.30303030303030304, 0.45454545454545453, 0.6060606060606061, 0.30303030303030304, 0.30303030303030304, 0.30303030303030304, 0.0, 0.30303030303030304, 0.30303030303030304, 0.30303030303030304, 0.15151515151515152, 0.30303030303030304, 0.15151515151515152, 0.0, 0.15151515151515152, 0.0, 0.15151515151515152, 0.30303030303030304, 0.30303030303030304, 0.0, 0.15151515151515152, 0.0, 0.30303030303030304, 0.30303030303030304, 0.15151515151515152, 0.15151515151515152, 0.15151515151515152, 0.0, 0.0, 0.0, 0.0, 0.15151515151515152, 0.0, 0.15151515151515152, 0.0, 0.15151515151515152, 0.0, 0.0, 0.0, 0.15151515151515152, 0.0, 0.15151515151515152, 0.0, 0.15151515151515152, 0.0, 0.15151515151515152, 0.0, 0.0, 0.15151515151515152, 0.0, 0.15151515151515152, 0.0, 0.15151515151515152, 0.0, 0.30303030303030304, 0.15151515151515152, 0.0, 0.0, 0.0, 0.0, 0.0, 0.0, 0.0, 0.0, 0.0, 0.0, 0.0, 0.15151515151515152, 0.0, 0.0, 0.0, 0.15151515151515152, 0.15151515151515152, 0.0, 0.0, 0.15151515151515152, 0.0, 0.0, 0.0, 0.0, 0.0, 0.0, 0.0, 0.0, 0.0], [45.0, 23.18181818181818, 11.818181818181818, 7.727272727272727, 3.4848484848484853, 5.151515151515151, 0.45454545454545453, 0.30303030303030304, 0.30303030303030304, 0.30303030303030304, 0.15151515151515152, 0.15151515151515152, 0.15151515151515152, 0.15151515151515152, 0.15151515151515152, 0.15151515151515152, 0.15151515151515152, 0.15151515151515152, 0.15151515151515152, 0.15151515151515152, 0.15151515151515152, 0.15151515151515152, 0.15151515151515152, 0.15151515151515152, 0.15151515151515152, 0.15151515151515152, 0.15151515151515152, 0.15151515151515152, 0.15151515151515152, 0.15151515151515152, 0.15151515151515152, 0.15151515151515152, 0.15151515151515152, 0.15151515151515152, 0.15151515151515152, 0.15151515151515152, 0.15151515151515152, 0.15151515151515152, 0.15151515151515152, 0.15151515151515152, 0.15151515151515152, 0.15151515151515152, 0.15151515151515152, 0.15151515151515152, 0.15151515151515152, 0.15151515151515152, 0.15151515151515152, 0.15151515151515152, 0.15151515151515152, 0.15151515151515152, 0.15151515151515152, 0.15151515151515152, 0.15151515151515152, 0.15151515151515152, 0.15151515151515152, 0.15151515151515152, 0.15151515151515152, 0.15151515151515152, 0.15151515151515152, 0.15151515151515152, 0.30303030303030304, 0.15151515151515152, 0.15151515151515152, 0.15151515151515152, 0.15151515151515152, 0.15151515151515152, 0.15151515151515152, 0.15151515151515152, 0.15151515151515152, 0.15151515151515152, 0.15151515151515152, 0.15151515151515152, 0.15151515151515152, 0.15151515151515152, 0.15151515151515152, 0.15151515151515152, 0.15151515151515152, 0.15151515151515152, 0.15151515151515152, 0.15151515151515152, 0.15151515151515152, 0.15151515151515152, 0.15151515151515152, 0.15151515151515152, 0.15151515151515152, 0.15151515151515152, 0.15151515151515152, 0.15151515151515152, 0.15151515151515152, 0.15151515151515152, 0.15151515151515152, 0.15151515151515152, 0.15151515151515152, 0.15151515151515152, 0.15151515151515152, 0.15151515151515152, 0.15151515151515152, 0.15151515151515152, 0.15151515151515152, 0.15151515151515152, 46.06060606060606], [44.54545454545455, 18.484848484848484, 6.363636363636363, 0.9090909090909091, 0.45454545454545453, 0.0, 0.0, 0.0, 0.0, 0.0, 0.0, 0.0, 0.0, 0.0, 0.0, 0.0, 0.0, 0.0, 0.0, 0.0, 0.0, 0.0, 0.0, 0.0, 0.0, 0.0, 0.0, 0.0, 0.0, 0.0, 0.0, 0.0, 0.0, 0.0, 0.0, 0.0, 0.0, 0.0, 0.0, 0.0, 0.0, 0.0, 0.0, 0.0, 0.0, 0.0, 0.0, 0.0, 0.0, 0.0, 0.0, 0.0, 0.0, 0.0, 0.0, 47.57575757575758, 33.33333333333333, 17.12121212121212, 8.787878787878787, 5.606060606060606, 4.242424242424243, 2.1212121212121215, 6.212121212121212, 1.8181818181818181, 1.0606060606060608, 1.3636363636363635, 1.8181818181818181, 1.9696969696969695, 2.4242424242424243, 0.9090909090909091, 2.1212121212121215, 0.7575757575757576, 0.45454545454545453, 0.45454545454545453, 0.45454545454545453, 0.45454545454545453, 0.6060606060606061, 0.6060606060606061, 0.45454545454545453, 0.45454545454545453, 0.6060606060606061, 0.45454545454545453, 0.6060606060606061, 0.45454545454545453, 0.6060606060606061, 0.6060606060606061, 0.6060606060606061, 0.6060606060606061, 0.6060606060606061, 0.6060606060606061, 0.6060606060606061, 0.6060606060606061, 0.6060606060606061, 0.6060606060606061, 0.6060606060606061, 0.6060606060606061, 0.6060606060606061, 0.6060606060606061, 0.45454545454545453, 0.6060606060606061, 0.6060606060606061], [40.303030303030305, 12.727272727272727, 3.3333333333333335, 1.2121212121212122, 0.15151515151515152, 2.4242424242424243, 0.0, 0.0, 0.0, 0.0, 0.0, 0.0, 0.0, 0.0, 0.0, 0.0, 0.0, 0.0, 0.0, 0.0, 0.0, 0.0, 0.0, 0.0, 0.0, 0.0, 0.0, 0.0, 0.0, 0.0, 0.0, 0.0, 0.0, 0.0, 0.0, 0.0, 0.0, 0.0, 0.0, 0.0, 0.0, 0.0, 0.0, 0.0, 0.0, 0.0, 0.0, 0.0, 0.0, 0.0, 0.0, 0.0, 0.0, 0.0, 0.0, 0.0, 0.0, 0.0, 0.0, 0.0, 0.0, 0.0, 0.0, 0.0, 0.0, 0.0, 0.0, 0.0, 0.0, 0.0, 0.0, 0.0, 0.0, 0.0, 0.0, 0.0, 0.0, 0.0, 0.0, 0.0, 0.0, 0.0, 0.0, 0.0, 0.0, 0.0, 0.0, 0.0, 0.0, 0.0, 0.0, 0.0, 0.0, 0.0, 0.0, 0.0, 0.0, 0.0, 0.0, 0.0, 0.0], [38.333333333333336, 9.848484848484848, 4.545454545454546, 0.45454545454545453, 0.0, 0.15151515151515152, 0.0, 0.0, 0.0, 0.0, 0.0, 0.0, 0.0, 0.0, 0.0, 0.0, 0.0, 0.0, 0.0, 0.0, 0.0, 0.0, 0.0, 0.0, 0.0, 0.0, 0.0, 0.0, 0.0, 0.0, 0.0, 0.0, 0.0, 0.0, 0.0, 0.0, 0.0, 0.0, 0.0, 0.0, 0.0, 0.0, 0.0, 0.0, 0.0, 0.0, 0.0, 0.0, 0.0, 0.0, 0.0, 0.0, 0.0, 0.0, 0.0, 0.0, 0.0, 0.0, 0.0, 0.0, 0.0, 0.0, 0.0, 0.0, 0.0, 0.0, 0.0, 0.0, 0.0, 0.0, 0.0, 0.0, 0.0, 0.0, 0.0, 0.0, 0.0, 0.0, 0.0, 0.0, 0.0, 0.0, 0.0, 0.0, 0.0, 0.0, 0.0, 0.0, 0.0, 0.0, 0.0, 0.0, 0.0, 0.0, 0.0, 0.0, 0.0, 0.0, 0.0, 0.0, 0.0]]}