{"model": "CNN_dropout", "learning_rates": [0.001, 0.0025, 0.005, 0.0075, 0.01], "nb_epochs_total": 1000, "epoch_step": 10, "mini_batch_size": 250, "best_epoch": 20, "best_lr": 0.01, "best_error": 0, "results": [[49.696969696969695, 25.606060606060606, 15.606060606060607, 7.727272727272727, 4.090909090909091, 1.5151515151515151, 1.8181818181818181, 0.30303030303030304, 0.6060606060606061, 7.121212121212121, 0.15151515151515152, 0.15151515151515152, 0.15151515151515152, 0.15151515151515152, 0.15151515151515152, 0.0, 0.0, 0.0, 0.0, 0.0, 0.15151515151515152, 0.0, 0.0, 0.0, 0.0, 0.0, 0.0, 0.0, 0.0, 0.0, 0.0, 0.0, 0.0, 0.0, 0.0, 0.0, 0.0, 0.0, 0.0, 0.0, 0.0, 0.0, 0.0, 0.0, 0.0, 0.0, 0.0, 0.0, 0.0, 0.0, 0.0, 0.0, 0.0, 0.0, 0.0, 0.0, 0.0, 0.0, 0.0, 0.0, 0.0, 0.0, 0.0, 0.0, 0.0, 0.15151515151515152, 0.0, 0.0, 0.0, 0.0, 0.0, 0.0, 0.0, 0.0, 0.0, 0.0, 0.0, 0.0, 0.0, 0.0, 0.0, 0.0, 0.0, 0.0, 0.0, 0.0, 0.0, 0.0, 0.9090909090909091, 0.15151515151515152, 0.15151515151515152, 0.15151515151515152, 0.15151515151515152, 0.15151515151515152, 0.15151515151515152, 0.15151515151515152, 0.15151515151515152, 0.15151515151515152, 0.15151515151515152, 0.15151515151515152, 0.15151515151515152], [43.93939393939394, 20.606060606060606, 4.848484848484849, 1.8181818181818181, 1.0606060606060608, 0.15151515151515152, 0.30303030303030304, 0.0, 0.0, 0.0, 0.0, 0.0, 0.0, 0.0, 0.0, 0.0, 0.0, 0.0, 0.0, 0.0, 0.0, 0.0, 0.0, 0.0, 0.0, 0.0, 0.0, 0.0, 0.0, 0.0, 0.0, 0.0, 0.0, 0.0, 0.0, 0.0, 0.0, 0.0, 0.0, 0.0, 0.0, 0.0, 0.0, 0.0, 0.0, 0.0, 0.0, 0.0, 0.0, 0.0, 0.0, 0.0, 0.0, 0.0, 0.0, 0.0, 0.0, 0.0, 9.393939393939393, 0.0, 0.0, 0.0, 0.0, 0.0, 0.0, 0.0, 0.0, 0.0, 0.0, 0.0, 0.0, 0.0, 0.0, 0.0, 0.0, 0.0, 0.0, 0.0, 0.0, 0.0, 0.0, 0.0, 0.0, 0.0, 0.0, 0.0, 0.0, 0.0, 0.0, 0.0, 0.0, 0.0, 0.0, 0.0, 0.0, 0.0, 0.0, 0.0, 0.0, 0.0, 0.0], [47.27272727272727, 8.333333333333332, 0.30303030303030304, 0.30303030303030304, 0.6060606060606061, 0.0, 0.0, 0.0, 0.0, 0.0, 0.0, 0.0, 0.0, 0.0, 0.0, 0.0, 0.0, 0.0, 0.0, 0.0, 0.0, 0.0, 0.0, 0.0, 0.0, 0.0, 0.0, 0.0, 0.0, 0.0, 0.0, 0.0, 0.0, 0.0, 0.0, 0.0, 0.0, 0.0, 0.0, 0.0, 0.0, 0.0, 0.0, 0.0, 0.0, 0.0, 0.0, 0.0, 0.0, 0.0, 0.0, 0.0, 0.0, 0.0, 0.0, 0.0, 0.0, 0.0, 0.0, 0.0, 0.0, 0.0, 0.0, 0.0, 0.0, 0.0, 0.0, 0.0, 0.0, 0.0, 0.0, 0.0, 0.0, 0.0, 0.0, 0.0, 0.0, 0.0, 0.0, 0.0, 0.0, 0.0, 0.0, 0.0, 0.0, 0.0, 0.0, 17.575757575757574, 0.7575757575757576, 0.15151515151515152, 0.15151515151515152, 0.15151515151515152, 0.15151515151515152, 0.15151515151515152, 0.15151515151515152, 0.15151515151515152, 0.15151515151515152, 0.15151515151515152, 0.15151515151515152, 0.15151515151515152, 0.0], [43.484848484848484, 9.848484848484848, 5.0, 0.15151515151515152, 0.30303030303030304, 0.15151515151515152, 0.15151515151515152, 0.15151515151515152, 0.0, 0.30303030303030304, 0.15151515151515152, 0.15151515151515152, 0.30303030303030304, 0.30303030303030304, 0.30303030303030304, 0.30303030303030304, 0.30303030303030304, 0.30303030303030304, 0.30303030303030304, 0.30303030303030304, 0.15151515151515152, 0.15151515151515152, 0.15151515151515152, 0.15151515151515152, 0.15151515151515152, 0.15151515151515152, 0.15151515151515152, 0.15151515151515152, 0.15151515151515152, 0.15151515151515152, 0.15151515151515152, 0.15151515151515152, 0.15151515151515152, 0.15151515151515152, 0.15151515151515152, 0.15151515151515152, 0.30303030303030304, 0.15151515151515152, 0.15151515151515152, 0.15151515151515152, 0.15151515151515152, 0.15151515151515152, 0.30303030303030304, 0.15151515151515152, 0.30303030303030304, 0.45454545454545453, 0.15151515151515152, 0.15151515151515152, 0.15151515151515152, 0.15151515151515152, 0.15151515151515152, 0.15151515151515152, 0.30303030303030304, 0.15151515151515152, 0.30303030303030304, 0.15151515151515152, 0.15151515151515152, 0.30303030303030304, 0.30303030303030304, 0.30303030303030304, 0.30303030303030304, 0.30303030303030304, 0.15151515151515152, 0.15151515151515152, 0.30303030303030304, 0.15151515151515152, 0.30303030303030304, 0.15151515151515152, 0.15151515151515152, 0.15151515151515152, 0.15151515151515152, 0.15151515151515152, 0.30303030303030304, 0.15151515151515152, 0.15151515151515152, 0.30303030303030304, 0.15151515151515152, 0.15151515151515152, 33.18181818181819, 10.757575757575758, 6.0606060606060606, 5.606060606060606, 4.848484848484849, 2.727272727272727, 4.090909090909091, 1.6666666666666667, 3.0303030303030303, 4.090909090909091, 1.2121212121212122, 0.9090909090909091, 0.9090909090909091, 0.9090909090909091, 0.9090909090909091, 1.0606060606060608, 0.7575757575757576, 0.9090909090909091, 1.2121212121212122, 1.0606060606060608, 1.0606060606060608, 0.7575757575757576, 0.9090909090909091], [31.96969696969697, 10.303030303030303, 0.0, 0.0, 0.0, 0.0, 0.0, 0.0, 0.0, 0.0, 0.0, 0.0, 0.0, 0.0, 0.0, 0.0, 0.0, 0.0, 0.0, 0.0, 0.0, 0.0, 0.0, 0.0, 0.0, 0.0, 0.0, 0.0, 0.0, 0.0, 0.0, 0.0, 0.0, 0.0, 0.0, 0.0, 0.0, 0.0, 0.0, 0.0, 0.0, 0.0, 0.0, 0.0, 0.0, 0.0, 0.0, 0.0, 0.0, 0.0, 0.0, 0.0, 0.0, 0.0, 0.0, 0.0, 0.0, 0.0, 0.0, 0.0, 0.0, 0.0, 0.0, 0.0, 0.0, 45.909090909090914, 24.848484848484848, 13.18181818181818, 8.333333333333332, 1.8181818181818181, 2.1212121212121215, 2.1212121212121215, 0.6060606060606061, 0.45454545454545453, 0.45454545454545453, 0.45454545454545453, 0.6060606060606061, 0.6060606060606061, 0.6060606060606061, 0.6060606060606061, 0.6060606060606061, 0.6060606060606061, 0.6060606060606061, 0.6060606060606061, 0.6060606060606061, 0.6060606060606061, 0.6060606060606061, 0.6060606060606061, 0.6060606060606061, 0.6060606060606061, 0.6060606060606061, 0.6060606060606061, 0.6060606060606061, 0.6060606060606061, 0.6060606060606061, 0.7575757575757576, 0.7575757575757576, 0.7575757575757576, 0.6060606060606061, 8.484848484848486, 6.969696969696971]], "test_error": 25.900000000000002}