{"model": "CNN_both", "learning_rates": [0.001, 0.0025, 0.005, 0.0075, 0.01], "nb_epochs_total": 1000, "epoch_step": 10, "mini_batch_size": 250, "best_epoch": 30, "best_lr": 0.0025, "best_error": 0, "results": [[48.484848484848484, 11.212121212121213, 3.939393939393939, 0.9090909090909091, 0.15151515151515152, 0.0, 0.0, 0.0, 0.0, 0.0, 0.0, 0.0, 0.0, 0.0, 0.0, 0.0, 0.0, 0.0, 0.0, 0.0, 0.0, 0.0, 0.0, 0.0, 0.0, 0.0, 0.0, 0.0, 0.0, 0.0, 0.0, 0.0, 0.0, 0.0, 0.0, 0.0, 0.0, 0.0, 0.0, 0.0, 0.0, 0.0, 0.0, 0.0, 0.0, 0.0, 0.0, 0.0, 0.0, 0.0, 1.8181818181818181, 0.30303030303030304, 0.30303030303030304, 0.30303030303030304, 0.30303030303030304, 0.30303030303030304, 0.30303030303030304, 0.30303030303030304, 0.30303030303030304, 0.30303030303030304, 0.30303030303030304, 0.30303030303030304, 0.30303030303030304, 0.30303030303030304, 0.30303030303030304, 0.30303030303030304, 0.30303030303030304, 0.30303030303030304, 0.30303030303030304, 0.30303030303030304, 0.30303030303030304, 0.30303030303030304, 0.30303030303030304, 0.30303030303030304, 0.30303030303030304, 0.30303030303030304, 0.30303030303030304, 0.30303030303030304, 0.30303030303030304, 0.30303030303030304, 0.30303030303030304, 0.30303030303030304, 0.30303030303030304, 0.30303030303030304, 0.30303030303030304, 0.30303030303030304, 0.30303030303030304, 0.30303030303030304, 0.30303030303030304, 0.30303030303030304, 0.30303030303030304, 0.30303030303030304, 0.30303030303030304, 0.30303030303030304, 0.30303030303030304, 0.15151515151515152, 0.30303030303030304, 0.30303030303030304, 0.30303030303030304, 0.15151515151515152, 0.15151515151515152], [47.27272727272727, 9.545454545454547, 9.545454545454547, 0.0, 0.0, 0.0, 0.0, 0.0, 0.0, 0.0, 0.0, 0.0, 0.0, 0.0, 0.0, 0.0, 0.0, 0.0, 0.0, 0.0, 0.0, 0.0, 0.0, 0.0, 0.0, 0.0, 0.0, 0.0, 0.0, 0.0, 0.0, 0.0, 0.0, 0.0, 0.0, 0.0, 0.0, 0.0, 0.0, 0.0, 0.0, 0.0, 5.454545454545454, 1.9696969696969695, 1.0606060606060608, 0.15151515151515152, 0.15151515151515152, 0.30303030303030304, 0.15151515151515152, 0.30303030303030304, 0.30303030303030304, 0.15151515151515152, 0.15151515151515152, 0.15151515151515152, 0.30303030303030304, 0.30303030303030304, 0.15151515151515152, 0.15151515151515152, 0.30303030303030304, 0.15151515151515152, 0.15151515151515152, 0.15151515151515152, 0.15151515151515152, 0.30303030303030304, 0.30303030303030304, 0.15151515151515152, 0.30303030303030304, 0.15151515151515152, 0.45454545454545453, 0.30303030303030304, 0.15151515151515152, 0.15151515151515152, 0.30303030303030304, 0.30303030303030304, 0.15151515151515152, 0.45454545454545453, 0.30303030303030304, 0.15151515151515152, 0.45454545454545453, 0.30303030303030304, 0.30303030303030304, 0.45454545454545453, 0.30303030303030304, 0.45454545454545453, 0.30303030303030304, 0.30303030303030304, 0.45454545454545453, 0.30303030303030304, 0.30303030303030304, 0.30303030303030304, 0.30303030303030304, 0.30303030303030304, 0.30303030303030304, 0.45454545454545453, 0.45454545454545453, 0.45454545454545453, 0.45454545454545453, 0.45454545454545453, 0.30303030303030304, 0.30303030303030304, 0.45454545454545453], [48.78787878787879, 14.545454545454545, 3.6363636363636362, 1.6666666666666667, 0.9090909090909091, 0.45454545454545453, 0.45454545454545453, 0.30303030303030304, 0.30303030303030304, 0.30303030303030304, 0.30303030303030304, 0.15151515151515152, 0.30303030303030304, 0.30303030303030304, 0.45454545454545453, 0.30303030303030304, 0.45454545454545453, 0.30303030303030304, 0.30303030303030304, 0.30303030303030304, 0.30303030303030304, 0.30303030303030304, 0.45454545454545453, 0.30303030303030304, 0.45454545454545453, 0.45454545454545453, 0.45454545454545453, 0.45454545454545453, 0.45454545454545453, 0.6060606060606061, 0.45454545454545453, 0.30303030303030304, 0.30303030303030304, 0.30303030303030304, 0.30303030303030304, 0.45454545454545453, 0.6060606060606061, 0.30303030303030304, 0.45454545454545453, 0.45454545454545453, 0.45454545454545453, 0.30303030303030304, 0.45454545454545453, 0.6060606060606061, 0.45454545454545453, 0.45454545454545453, 0.45454545454545453, 0.30303030303030304, 0.6060606060606061, 0.45454545454545453, 0.30303030303030304, 0.30303030303030304, 0.45454545454545453, 0.45454545454545453, 0.45454545454545453, 0.30303030303030304, 0.45454545454545453, 0.30303030303030304, 0.30303030303030304, 0.45454545454545453, 0.45454545454545453, 0.45454545454545453, 0.45454545454545453, 0.6060606060606061, 0.6060606060606061, 0.6060606060606061, 0.6060606060606061, 0.6060606060606061, 0.6060606060606061, 0.45454545454545453, 0.6060606060606061, 0.45454545454545453, 0.30303030303030304, 0.45454545454545453, 0.45454545454545453, 0.30303030303030304, 0.45454545454545453, 0.30303030303030304, 0.45454545454545453, 0.45454545454545453, 0.30303030303030304, 0.30303030303030304, 0.45454545454545453, 0.45454545454545453, 0.45454545454545453, 0.30303030303030304, 0.6060606060606061, 0.6060606060606061, 0.30303030303030304, 0.45454545454545453, 0.7575757575757576, 28.78787878787879, 15.909090909090908, 5.303030303030303, 0.0, 0.0, 0.15151515151515152, 0.30303030303030304, 0.0, 0.30303030303030304, 9.393939393939393], [24.545454545454547, 3.0303030303030303, 0.30303030303030304, 2.878787878787879, 0.15151515151515152, 0.0, 0.0, 0.0, 0.0, 0.0, 0.0, 0.0, 0.0, 0.0, 0.0, 0.0, 0.0, 0.0, 0.0, 0.0, 0.0, 0.0, 0.0, 0.0, 0.0, 0.0, 0.0, 0.0, 0.0, 0.0, 0.0, 0.0, 0.0, 0.0, 0.0, 0.0, 0.0, 0.0, 0.0, 0.0, 0.0, 0.0, 0.0, 0.0, 0.0, 0.0, 0.0, 0.0, 0.0, 0.0, 0.0, 0.0, 0.0, 0.0, 0.0, 0.0, 0.0, 0.0, 0.0, 0.0, 0.0, 0.0, 0.0, 0.0, 0.0, 0.0, 0.0, 0.0, 0.0, 0.0, 17.87878787878788, 7.121212121212121, 0.6060606060606061, 0.45454545454545453, 0.15151515151515152, 0.30303030303030304, 0.30303030303030304, 0.45454545454545453, 0.45454545454545453, 0.45454545454545453, 0.45454545454545453, 0.30303030303030304, 0.0, 0.15151515151515152, 0.15151515151515152, 0.15151515151515152, 0.0, 0.0, 0.15151515151515152, 0.0, 0.0, 0.0, 0.30303030303030304, 0.15151515151515152, 0.0, 0.0, 0.0, 0.0, 0.15151515151515152, 0.0, 0.0], [45.45454545454545, 4.090909090909091, 2.272727272727273, 0.7575757575757576, 0.6060606060606061, 0.6060606060606061, 0.6060606060606061, 0.7575757575757576, 0.6060606060606061, 0.6060606060606061, 0.7575757575757576, 0.6060606060606061, 0.6060606060606061, 0.6060606060606061, 0.6060606060606061, 0.7575757575757576, 0.6060606060606061, 0.6060606060606061, 0.6060606060606061, 0.6060606060606061, 0.6060606060606061, 0.6060606060606061, 0.6060606060606061, 0.6060606060606061, 0.6060606060606061, 0.6060606060606061, 0.6060606060606061, 0.6060606060606061, 0.6060606060606061, 0.6060606060606061, 0.6060606060606061, 0.6060606060606061, 0.6060606060606061, 0.6060606060606061, 0.6060606060606061, 0.6060606060606061, 0.7575757575757576, 0.6060606060606061, 0.7575757575757576, 0.6060606060606061, 0.6060606060606061, 0.6060606060606061, 0.6060606060606061, 0.6060606060606061, 0.6060606060606061, 0.6060606060606061, 0.7575757575757576, 0.45454545454545453, 49.696969696969695, 43.03030303030303, 10.606060606060606, 7.878787878787878, 2.272727272727273, 1.6666666666666667, 0.30303030303030304, 0.9090909090909091, 0.7575757575757576, 0.30303030303030304, 0.45454545454545453, 0.30303030303030304, 0.30303030303030304, 0.15151515151515152, 0.30303030303030304, 46.515151515151516, 48.03030303030303, 45.60606060606061, 46.81818181818182, 45.75757575757576, 46.21212121212121, 46.666666666666664, 45.909090909090914, 46.21212121212121, 45.45454545454545, 46.21212121212121, 46.81818181818182, 46.666666666666664, 43.03030303030303, 45.3030303030303, 43.484848484848484, 42.72727272727273, 36.06060606060606, 12.575757575757576, 11.363636363636363, 4.393939393939394, 2.1212121212121215, 0.7575757575757576, 0.6060606060606061, 1.0606060606060608, 0.0, 0.0, 0.0, 0.0, 0.0, 0.15151515151515152, 0.15151515151515152, 0.15151515151515152, 0.30303030303030304, 0.30303030303030304, 0.30303030303030304, 0.30303030303030304, 0.30303030303030304]],