{"batch_sizes": [20, 40], "learning_rates": [0.01, 0.0075, 0.005, 0.0025, 0.001], "nb_epochs": [100, 110, 120, 130, 140, 150], "results": [[[73.0, 73.1, 73.5, 72.3, 72.39999999999999, 73.0], [75.2, 75.1, 75.4, 75.4, 75.6, 75.3], [73.8, 73.8, 73.5, 73.6, 73.4, 73.7], [75.1, 75.5, 75.4, 74.8, 74.1, 73.1], [67.30000000000001, 70.8, 70.6, 72.8, 70.30000000000001, 69.39999999999999]], [[73.2, 73.1, 73.1, 72.6, 72.39999999999999, 72.2], [76.8, 76.2, 75.9, 75.1, 74.6, 74.7], [76.0, 76.3, 76.2, 77.0, 77.0, 76.8], [70.7, 70.7, 69.39999999999999, 71.10000000000001, 71.50000000000001, 73.3], [50.8, 51.4, 53.6, 56.89999999999999, 57.00000000000001, 60.6]]]}