{"batch_sizes": [20, 40], "learning_rates": [0.01, 0.0075, 0.005, 0.0025, 0.001], "nb_epochs": [100, 110, 120, 130, 140, 150], "results": [[[76.8, 73.8, 74.7, 73.4, 69.8], [73.8, 72.2, 71.6, 71.7, 71.50000000000001], [72.7, 73.8, 72.1, 76.3, 70.7], [73.6, 73.5, 76.7, 74.5, 70.30000000000001], [75.8, 72.1, 69.9, 69.6, 73.3], [75.8, 71.89999999999999, 72.1, 73.6, 69.0]], [[73.8, 74.8, 73.5, 72.1, 48.8], [76.0, 73.3, 76.0, 71.30000000000001, 50.4], [72.6, 74.0, 76.9, 68.6, 47.699999999999996], [72.7, 74.4, 73.9, 73.2, 57.3], [73.8, 71.6, 73.9, 73.4, 60.9], [74.4, 74.9, 73.9, 74.1, 62.4]]]}