{"model": "Basic_CNN", "learning_rates": [0.001, 0.0025, 0.005, 0.0075, 0.01], "nb_epochs_total": 100, "epoch_step": 5, "mini_batch_size": 250, "best_epoch": 25, "best_lr": 0.005, "best_error": 0, "results": [[45.3030303030303, 37.72727272727273, 26.81818181818182, 14.09090909090909, 5.0, 1.9696969696969695, 0.9090909090909091, 0.9090909090909091, 5.151515151515151, 0.15151515151515152, 0.15151515151515152, 0.15151515151515152, 0.15151515151515152, 0.15151515151515152, 0.0, 0.0, 0.0, 0.0, 0.0, 0.0, 0.0], [46.36363636363636, 33.939393939393945, 1.8181818181818181, 0.30303030303030304, 0.15151515151515152, 0.15151515151515152, 0.0, 0.0, 0.0, 0.0, 0.0, 0.0, 0.0, 0.0, 0.0, 0.0, 0.0, 0.0, 0.0, 0.0, 0.0], [45.151515151515156, 23.03030303030303, 1.2121212121212122, 0.30303030303030304, 0.15151515151515152, 0.0, 0.0, 0.0, 0.0, 0.0, 0.0, 0.0, 0.0, 0.0, 0.0, 0.0, 0.0, 0.0, 0.0, 0.0, 0.0], [50.75757575757576, 25.0, 0.30303030303030304, 0.30303030303030304, 0.15151515151515152, 0.15151515151515152, 0.15151515151515152, 0.15151515151515152, 0.15151515151515152, 0.15151515151515152, 0.15151515151515152, 0.15151515151515152, 0.15151515151515152, 0.15151515151515152, 0.15151515151515152, 0.15151515151515152, 0.15151515151515152, 0.15151515151515152, 0.15151515151515152, 0.15151515151515152, 0.15151515151515152], [45.151515151515156, 37.72727272727273, 22.12121212121212, 9.393939393939393, 3.939393939393939, 14.393939393939394, 1.0606060606060608, 0.6060606060606061, 0.45454545454545453, 0.15151515151515152, 0.15151515151515152, 0.15151515151515152, 0.15151515151515152, 0.15151515151515152, 0.15151515151515152, 0.15151515151515152, 0.15151515151515152, 0.15151515151515152, 0.15151515151515152, 0.15151515151515152, 0.15151515151515152]], "test_error": 37.1}