{"model": "Basic_CNN", "test_error": 32.0, "learning_rates": [0.001, 0.0025, 0.005, 0.0075, 0.01], "mini_batch_size": 250, "nb_epochs_total": 100, "best_lr": 0.0025, "best_epoch": 20, "best_error": 0, "epoch_step": 5, "results": [[44.3939393939394, 38.93939393939394, 19.545454545454547, 9.090909090909092, 2.4242424242424243, 0.0, 0.0, 0.0, 0.0, 0.0, 0.0, 0.0, 0.0, 0.0, 0.0, 0.0, 0.0, 0.0, 0.0, 0.0, 0.0], [50.15151515151515, 31.96969696969697, 11.212121212121213, 0.30303030303030304, 0.0, 0.0, 0.0, 0.0, 0.0, 0.0, 0.0, 0.0, 0.0, 0.0, 0.0, 0.0, 0.0, 0.0, 0.0, 0.0, 0.0], [45.151515151515156, 20.303030303030305, 1.5151515151515151, 0.30303030303030304, 0.0, 0.0, 0.0, 0.0, 0.0, 0.0, 0.0, 0.0, 0.0, 0.0, 0.0, 0.0, 0.0, 0.0, 0.0, 0.0, 0.0], [44.09090909090909, 10.606060606060606, 0.6060606060606061, 0.15151515151515152, 0.0, 0.0, 0.0, 0.0, 0.0, 0.0, 0.0, 0.0, 0.0, 0.0, 0.0, 0.0, 0.0, 0.0, 0.0, 0.0, 0.0], [45.151515151515156, 33.939393939393945, 13.787878787878787, 8.181818181818182, 0.6060606060606061, 2.272727272727273, 0.45454545454545453, 0.15151515151515152, 0.15151515151515152, 0.15151515151515152, 0.15151515151515152, 0.15151515151515152, 0.15151515151515152, 0.15151515151515152, 0.15151515151515152, 0.15151515151515152, 0.15151515151515152, 0.15151515151515152, 0.15151515151515152, 0.15151515151515152, 0.15151515151515152]]}