{"model": "CNN_batchnorm", "learning_rates": [0.001, 0.0025, 0.005, 0.0075, 0.01], "nb_epochs_total": 500, "epoch_step": 5, "mini_batch_size": 250, "best_epoch": 40, "best_lr": 0.01, "best_error": 0, "results": [[48.484848484848484, 22.727272727272727, 10.606060606060606, 10.303030303030303, 3.4848484848484853, 2.727272727272727, 3.1818181818181817, 6.969696969696971, 0.9090909090909091, 0.30303030303030304, 0.30303030303030304, 0.30303030303030304, 0.30303030303030304, 0.30303030303030304, 0.30303030303030304, 0.15151515151515152, 0.15151515151515152, 0.15151515151515152, 0.15151515151515152, 0.15151515151515152, 0.15151515151515152, 0.15151515151515152, 0.15151515151515152, 0.15151515151515152, 0.15151515151515152, 0.15151515151515152, 0.15151515151515152, 0.15151515151515152, 0.15151515151515152, 0.15151515151515152, 0.15151515151515152, 0.15151515151515152, 0.15151515151515152, 0.15151515151515152, 0.15151515151515152, 0.15151515151515152, 0.15151515151515152, 0.15151515151515152, 0.15151515151515152, 0.15151515151515152, 0.15151515151515152, 0.15151515151515152, 0.15151515151515152, 0.15151515151515152, 0.15151515151515152, 0.15151515151515152, 0.15151515151515152, 0.15151515151515152, 0.15151515151515152, 0.15151515151515152, 0.15151515151515152, 0.15151515151515152, 0.15151515151515152, 0.15151515151515152, 0.15151515151515152, 0.15151515151515152, 0.15151515151515152, 0.15151515151515152, 0.15151515151515152, 0.15151515151515152, 0.15151515151515152, 0.15151515151515152, 0.15151515151515152, 0.15151515151515152, 0.15151515151515152, 0.15151515151515152, 0.15151515151515152, 0.15151515151515152, 0.15151515151515152, 0.15151515151515152, 0.15151515151515152, 0.15151515151515152, 0.15151515151515152, 0.15151515151515152, 0.15151515151515152, 0.15151515151515152, 0.15151515151515152, 0.15151515151515152, 0.15151515151515152, 0.15151515151515152, 0.15151515151515152, 0.15151515151515152, 0.15151515151515152, 0.15151515151515152, 0.15151515151515152, 0.15151515151515152, 0.15151515151515152, 0.15151515151515152, 0.15151515151515152, 0.15151515151515152, 0.15151515151515152, 0.15151515151515152, 0.15151515151515152, 0.15151515151515152, 0.15151515151515152, 0.15151515151515152, 0.15151515151515152, 0.15151515151515152, 0.15151515151515152, 0.15151515151515152, 0.15151515151515152], [45.3030303030303, 15.303030303030301, 4.848484848484849, 10.151515151515152, 1.0606060606060608, 0.9090909090909091, 0.15151515151515152, 0.15151515151515152, 0.15151515151515152, 0.15151515151515152, 0.15151515151515152, 0.0, 0.0, 0.0, 0.0, 0.0, 0.0, 0.0, 0.0, 0.0, 0.0, 0.0, 0.0, 0.0, 0.0, 0.0, 0.0, 0.0, 0.0, 0.0, 0.0, 0.0, 0.0, 0.0, 0.0, 0.0, 0.0, 0.0, 0.0, 0.0, 0.0, 0.0, 0.0, 0.0, 0.0, 0.0, 0.0, 0.0, 0.0, 0.0, 0.0, 0.0, 0.0, 0.0, 0.0, 0.0, 0.0, 0.0, 0.0, 0.0, 0.0, 0.0, 0.0, 0.0, 0.0, 0.0, 0.0, 0.0, 0.0, 0.0, 0.0, 0.0, 0.0, 0.0, 0.0, 0.0, 0.0, 0.0, 0.0, 0.0, 0.0, 0.0, 0.0, 0.0, 0.0, 0.0, 0.0, 0.0, 0.0, 0.0, 0.0, 0.0, 0.0, 0.0, 0.0, 0.0, 0.0, 0.0, 0.0, 0.0, 0.0], [37.42424242424243, 18.939393939393938, 3.4848484848484853, 1.8181818181818181, 3.0303030303030303, 0.15151515151515152, 0.15151515151515152, 0.15151515151515152, 0.15151515151515152, 0.15151515151515152, 0.15151515151515152, 0.15151515151515152, 0.15151515151515152, 0.15151515151515152, 0.15151515151515152, 0.15151515151515152, 0.15151515151515152, 0.15151515151515152, 0.15151515151515152, 0.15151515151515152, 0.15151515151515152, 0.15151515151515152, 0.15151515151515152, 0.15151515151515152, 0.15151515151515152, 0.15151515151515152, 0.15151515151515152, 0.15151515151515152, 0.15151515151515152, 0.15151515151515152, 0.15151515151515152, 0.15151515151515152, 0.15151515151515152, 0.15151515151515152, 0.15151515151515152, 0.15151515151515152, 0.15151515151515152, 0.15151515151515152, 0.15151515151515152, 0.15151515151515152, 0.15151515151515152, 0.15151515151515152, 0.15151515151515152, 0.15151515151515152, 0.15151515151515152, 0.15151515151515152, 0.15151515151515152, 0.15151515151515152, 0.15151515151515152, 0.15151515151515152, 0.15151515151515152, 0.15151515151515152, 0.15151515151515152, 0.15151515151515152, 0.15151515151515152, 0.15151515151515152, 0.15151515151515152, 0.15151515151515152, 0.15151515151515152, 0.15151515151515152, 0.15151515151515152, 0.15151515151515152, 0.15151515151515152, 0.15151515151515152, 0.15151515151515152, 0.15151515151515152, 0.15151515151515152, 0.15151515151515152, 0.15151515151515152, 0.15151515151515152, 0.15151515151515152, 0.15151515151515152, 0.15151515151515152, 0.15151515151515152, 0.15151515151515152, 0.15151515151515152, 0.15151515151515152, 0.15151515151515152, 0.15151515151515152, 0.15151515151515152, 0.15151515151515152, 0.15151515151515152, 0.15151515151515152, 0.15151515151515152, 0.15151515151515152, 0.15151515151515152, 0.15151515151515152, 0.15151515151515152, 0.15151515151515152, 0.15151515151515152, 0.15151515151515152, 0.15151515151515152, 0.15151515151515152, 0.15151515151515152, 0.15151515151515152, 0.15151515151515152, 0.15151515151515152, 0.15151515151515152, 0.15151515151515152, 0.15151515151515152, 0.15151515151515152], [37.57575757575757, 10.0, 12.272727272727273, 1.5151515151515151, 4.090909090909091, 2.727272727272727, 0.45454545454545453, 0.45454545454545453, 0.30303030303030304, 0.30303030303030304, 0.30303030303030304, 0.30303030303030304, 0.30303030303030304, 0.30303030303030304, 0.30303030303030304, 0.30303030303030304, 0.30303030303030304, 0.30303030303030304, 0.30303030303030304, 0.30303030303030304, 0.30303030303030304, 0.30303030303030304, 0.15151515151515152, 0.15151515151515152, 0.15151515151515152, 0.15151515151515152, 0.15151515151515152, 0.15151515151515152, 0.15151515151515152, 0.15151515151515152, 0.15151515151515152, 0.15151515151515152, 0.15151515151515152, 0.15151515151515152, 0.15151515151515152, 0.15151515151515152, 0.15151515151515152, 0.15151515151515152, 0.15151515151515152, 0.15151515151515152, 0.15151515151515152, 0.15151515151515152, 0.15151515151515152, 0.15151515151515152, 0.15151515151515152, 0.15151515151515152, 0.15151515151515152, 0.15151515151515152, 0.15151515151515152, 0.15151515151515152, 0.15151515151515152, 0.15151515151515152, 0.15151515151515152, 0.15151515151515152, 0.15151515151515152, 0.15151515151515152, 0.15151515151515152, 0.15151515151515152, 0.15151515151515152, 0.15151515151515152, 0.15151515151515152, 0.15151515151515152, 0.15151515151515152, 0.15151515151515152, 0.15151515151515152, 0.15151515151515152, 0.15151515151515152, 0.15151515151515152, 0.15151515151515152, 0.15151515151515152, 0.15151515151515152, 0.15151515151515152, 0.15151515151515152, 0.15151515151515152, 0.15151515151515152, 0.15151515151515152, 0.15151515151515152, 0.15151515151515152, 0.15151515151515152, 0.15151515151515152, 0.15151515151515152, 0.15151515151515152, 0.15151515151515152, 0.15151515151515152, 0.15151515151515152, 0.15151515151515152, 0.15151515151515152, 0.15151515151515152, 0.15151515151515152, 0.15151515151515152, 0.15151515151515152, 0.15151515151515152, 0.15151515151515152, 0.15151515151515152, 0.15151515151515152, 0.15151515151515152, 0.15151515151515152, 0.15151515151515152, 0.15151515151515152, 0.15151515151515152, 0.15151515151515152], [38.78787878787879, 17.272727272727273, 3.787878787878788, 5.151515151515151, 2.272727272727273, 6.666666666666667, 1.0606060606060608, 0.6060606060606061, 0.0, 0.0, 0.0, 0.0, 0.0, 0.0, 0.0, 0.0, 0.0, 0.0, 0.0, 0.0, 0.0, 0.0, 0.0, 0.0, 0.0, 0.0, 0.0, 0.0, 0.0, 0.0, 0.0, 0.0, 0.0, 0.0, 0.0, 0.0, 0.0, 0.0, 0.0, 0.0, 0.0, 0.0, 0.0, 0.0, 0.0, 0.0, 0.0, 0.0, 0.0, 0.0, 0.0, 0.0, 0.0, 0.0, 0.0, 0.0, 0.0, 0.0, 0.0, 0.0, 0.0, 0.0, 0.0, 0.0, 0.0, 0.0, 0.0, 0.0, 0.0, 0.0, 0.0, 0.0, 0.0, 0.0, 0.0, 0.0, 0.0, 0.0, 0.0, 0.0, 0.0, 0.0, 0.0, 0.0, 0.0, 0.0, 0.0, 0.0, 0.0, 0.0, 0.0, 0.0, 0.0, 0.0, 0.0, 0.0, 0.0, 0.0, 0.0, 0.0, 0.0]], "test_error": 25.4}