{"model": "MLP", "learning_rates": [0.001, 0.0025, 0.005, 0.0075, 0.01], "nb_epochs_total": 500, "epoch_step": 5, "mini_batch_size": 250, "best_epoch": 35, "best_lr": 0.001, "best_error": 0, "results": [[36.06060606060606, 21.818181818181817, 5.757575757575758, 2.727272727272727, 1.2121212121212122, 0.30303030303030304, 0.30303030303030304, 0.0, 0.0, 0.0, 0.0, 0.0, 18.333333333333332, 0.0, 0.15151515151515152, 0.30303030303030304, 0.0, 0.0, 0.0, 0.0, 0.0, 0.0, 0.0, 0.0, 0.0, 0.0, 0.0, 0.0, 0.0, 0.0, 0.0, 0.0, 0.0, 0.0, 0.0, 0.0, 0.0, 0.0, 0.0, 0.0, 0.0, 0.0, 0.0, 0.0, 0.0, 0.0, 0.0, 0.0, 0.0, 0.0, 0.0, 0.0, 0.0, 0.0, 0.0, 0.0, 0.0, 0.0, 0.0, 0.0, 0.0, 0.0, 0.0, 0.0, 0.0, 0.0, 0.0, 0.0, 0.0, 0.0, 0.0, 0.0, 0.0, 0.0, 0.0, 0.0, 0.0, 0.0, 0.0, 0.0, 0.0, 0.0, 0.0, 0.0, 0.0, 0.0, 0.0, 0.0, 0.0, 0.0, 0.0, 0.0, 0.0, 0.0, 0.0, 0.0, 0.0, 0.0, 0.0, 0.0, 0.0], [31.515151515151512, 16.363636363636363, 9.090909090909092, 3.1818181818181817, 1.5151515151515151, 0.45454545454545453, 4.545454545454546, 0.9090909090909091, 0.45454545454545453, 0.0, 0.0, 0.0, 0.0, 0.0, 0.0, 0.0, 0.0, 0.0, 0.0, 0.0, 0.0, 0.0, 0.0, 0.0, 0.0, 0.0, 0.0, 0.0, 0.0, 0.0, 0.0, 0.0, 0.0, 0.0, 0.0, 0.0, 0.0, 0.0, 0.0, 0.0, 0.0, 0.0, 0.0, 0.0, 0.0, 0.0, 0.0, 0.0, 0.0, 0.0, 0.0, 0.0, 0.0, 0.0, 0.0, 0.0, 0.0, 0.0, 0.0, 0.0, 0.0, 0.0, 0.0, 0.0, 0.0, 0.0, 0.0, 0.0, 0.0, 0.0, 0.0, 0.0, 0.0, 0.0, 0.0, 0.0, 0.0, 0.0, 0.0, 0.0, 0.0, 0.0, 0.0, 0.0, 0.0, 0.0, 0.0, 0.0, 0.0, 0.0, 0.0, 0.0, 0.0, 0.0, 0.0, 0.0, 0.0, 0.0, 0.0, 0.0, 0.0], [47.12121212121212, 24.393939393939394, 11.515151515151516, 21.96969696969697, 8.181818181818182, 4.696969696969696, 6.363636363636363, 3.939393939393939, 1.8181818181818181, 14.09090909090909, 3.1818181818181817, 1.9696969696969695, 1.9696969696969695, 2.727272727272727, 1.3636363636363635, 5.757575757575758, 4.090909090909091, 3.0303030303030303, 2.878787878787879, 5.909090909090909, 6.0606060606060606, 2.727272727272727, 2.1212121212121215, 9.242424242424242, 4.090909090909091, 2.5757575757575757, 1.9696969696969695, 1.9696969696969695, 1.9696969696969695, 1.9696969696969695, 1.9696969696969695, 1.9696969696969695, 1.8181818181818181, 1.6666666666666667, 1.6666666666666667, 1.9696969696969695, 3.939393939393939, 6.212121212121212, 4.090909090909091, 4.696969696969696, 3.0303030303030303, 5.303030303030303, 7.424242424242425, 3.1818181818181817, 1.3636363636363635, 1.5151515151515151, 1.9696969696969695, 3.0303030303030303, 2.4242424242424243, 3.6363636363636362, 2.4242424242424243, 1.5151515151515151, 1.0606060606060608, 1.0606060606060608, 1.0606060606060608, 1.0606060606060608, 1.0606060606060608, 1.0606060606060608, 1.0606060606060608, 1.0606060606060608, 1.0606060606060608, 1.0606060606060608, 1.0606060606060608, 1.0606060606060608, 1.0606060606060608, 1.0606060606060608, 1.0606060606060608, 1.0606060606060608, 1.0606060606060608, 1.0606060606060608, 1.0606060606060608, 1.0606060606060608, 1.0606060606060608, 1.2121212121212122, 0.7575757575757576, 0.7575757575757576, 0.7575757575757576, 0.7575757575757576, 0.7575757575757576, 0.7575757575757576, 0.7575757575757576, 0.7575757575757576, 0.7575757575757576, 0.7575757575757576, 0.7575757575757576, 0.7575757575757576, 0.7575757575757576, 0.7575757575757576, 0.7575757575757576, 0.7575757575757576, 0.7575757575757576, 0.7575757575757576, 0.7575757575757576, 1.0606060606060608, 0.7575757575757576, 0.7575757575757576, 0.7575757575757576, 0.7575757575757576, 0.7575757575757576, 0.7575757575757576, 0.7575757575757576], [38.484848484848484, 22.272727272727273, 15.151515151515152, 14.696969696969697, 11.06060606060606, 9.242424242424242, 8.181818181818182, 12.575757575757576, 7.2727272727272725, 10.454545454545453, 5.151515151515151, 6.8181818181818175, 6.8181818181818175, 5.454545454545454, 6.212121212121212, 4.393939393939394, 11.06060606060606, 11.666666666666666, 10.0, 5.0, 6.969696969696971, 5.151515151515151, 9.696969696969697, 6.363636363636363, 5.454545454545454, 6.515151515151516, 5.454545454545454, 5.151515151515151, 7.121212121212121, 6.0606060606060606, 2.878787878787879, 2.4242424242424243, 9.090909090909092, 8.181818181818182, 8.484848484848486, 3.3333333333333335, 4.696969696969696, 9.696969696969697, 8.636363636363637, 24.09090909090909, 17.575757575757574, 16.363636363636363, 14.696969696969697, 6.969696969696971, 7.727272727272727, 6.212121212121212, 7.727272727272727, 8.181818181818182, 5.757575757575758, 5.303030303030303, 6.969696969696971, 5.757575757575758, 6.515151515151516, 6.8181818181818175, 5.303030303030303, 7.121212121212121, 7.424242424242425, 3.3333333333333335, 2.272727272727273, 11.06060606060606, 3.3333333333333335, 5.757575757575758, 3.3333333333333335, 4.848484848484849, 4.848484848484849, 4.696969696969696, 5.606060606060606, 3.787878787878788, 2.4242424242424243, 2.272727272727273, 2.4242424242424243, 2.4242424242424243, 2.4242424242424243, 2.4242424242424243, 2.4242424242424243, 2.4242424242424243, 2.4242424242424243, 2.4242424242424243, 2.4242424242424243, 2.4242424242424243, 2.4242424242424243, 2.272727272727273, 2.272727272727273, 2.272727272727273, 2.272727272727273, 2.272727272727273, 2.272727272727273, 2.272727272727273, 2.272727272727273, 2.272727272727273, 2.272727272727273, 2.272727272727273, 2.272727272727273, 2.272727272727273, 2.272727272727273, 2.272727272727273, 2.272727272727273, 2.272727272727273, 2.272727272727273, 2.272727272727273, 2.272727272727273], [35.60606060606061, 22.424242424242426, 15.606060606060607, 12.878787878787879, 15.303030303030301, 9.696969696969697, 9.242424242424242, 7.878787878787878, 7.878787878787878, 5.454545454545454, 11.818181818181818, 10.909090909090908, 16.515151515151516, 12.878787878787879, 16.515151515151516, 10.151515151515152, 11.06060606060606, 6.515151515151516, 6.212121212121212, 11.666666666666666, 6.666666666666667, 5.606060606060606, 8.333333333333332, 10.757575757575758, 9.393939393939393, 11.212121212121213, 5.909090909090909, 5.606060606060606, 11.515151515151516, 15.303030303030301, 17.272727272727273, 15.303030303030301, 8.030303030303031, 14.696969696969697, 16.969696969696972, 12.575757575757576, 8.93939393939394, 10.454545454545453, 11.363636363636363, 20.303030303030305, 17.272727272727273, 13.787878787878787, 11.818181818181818, 8.181818181818182, 14.545454545454545, 14.84848484848485, 9.545454545454547, 14.09090909090909, 8.333333333333332, 9.393939393939393, 11.363636363636363, 5.757575757575758, 6.8181818181818175, 5.0, 10.606060606060606, 4.242424242424243, 4.242424242424243, 3.939393939393939, 6.515151515151516, 4.696969696969696, 8.636363636363637, 3.939393939393939, 5.454545454545454, 4.848484848484849, 6.515151515151516, 5.151515151515151, 4.090909090909091, 4.090909090909091, 3.6363636363636362, 4.242424242424243, 3.3333333333333335, 3.3333333333333335, 9.696969696969697, 3.6363636363636362, 6.666666666666667, 21.06060606060606, 28.484848484848484, 10.0, 6.212121212121212, 6.515151515151516, 5.0, 5.303030303030303, 4.696969696969696, 7.424242424242425, 5.303030303030303, 6.8181818181818175, 4.545454545454546, 5.303030303030303, 4.848484848484849, 4.848484848484849, 4.545454545454546, 7.424242424242425, 5.303030303030303, 4.848484848484849, 5.454545454545454, 4.696969696969696, 4.696969696969696, 5.151515151515151, 4.242424242424243, 3.3333333333333335, 3.787878787878788]]}