{"model": "MLP", "learning_rates": [0.001, 0.0025, 0.005, 0.0075, 0.01], "nb_epochs_total": 500, "epoch_step": 5, "mini_batch_size": 250, "best_epoch": 30, "best_lr": 0.001, "best_error": 0, "results": [[40.303030303030305, 19.090909090909093, 6.212121212121212, 1.2121212121212122, 0.7575757575757576, 0.30303030303030304, 0.0, 0.0, 0.0, 0.0, 0.15151515151515152, 0.0, 0.0, 0.0, 0.0, 0.0, 0.0, 0.0, 0.0, 0.0, 0.0, 0.0, 0.0, 0.0, 0.0, 0.0, 0.0, 0.0, 0.0, 0.0, 0.0, 0.0, 0.0, 0.0, 0.0, 0.0, 0.0, 0.0, 0.0, 0.0, 0.0, 0.0, 0.0, 0.0, 0.0, 0.0, 0.0, 0.0, 0.0, 0.0, 0.0, 0.0, 0.0, 0.0, 0.0, 0.0, 0.0, 0.0, 0.0, 0.0, 0.0, 0.0, 0.0, 0.0, 0.0, 0.0, 0.0, 0.0, 0.0, 0.0, 0.0, 0.0, 0.0, 0.0, 0.0, 0.0, 0.0, 0.0, 0.0, 0.0, 0.0, 0.0, 0.0, 0.0, 0.0, 0.0, 0.0, 0.0, 0.0, 0.0, 0.0, 0.0, 0.0, 0.0, 0.0, 0.0, 0.0, 0.0, 0.0, 0.0, 0.0], [39.09090909090909, 22.727272727272727, 10.454545454545453, 5.606060606060606, 1.9696969696969695, 0.45454545454545453, 0.45454545454545453, 0.45454545454545453, 0.45454545454545453, 0.45454545454545453, 0.45454545454545453, 0.45454545454545453, 0.45454545454545453, 0.45454545454545453, 0.45454545454545453, 0.45454545454545453, 0.0, 0.0, 0.0, 0.0, 0.0, 0.0, 0.0, 0.0, 0.0, 0.0, 0.0, 0.0, 0.0, 0.0, 0.0, 0.0, 0.0, 0.0, 0.0, 0.0, 0.0, 0.0, 0.0, 0.0, 0.0, 0.0, 0.0, 0.0, 0.0, 0.0, 0.0, 0.0, 0.0, 0.0, 0.0, 0.0, 0.0, 0.0, 0.0, 0.0, 0.0, 0.0, 0.0, 0.0, 0.0, 0.0, 0.0, 0.0, 0.0, 0.0, 0.0, 0.0, 0.0, 0.0, 0.0, 0.0, 0.0, 0.0, 0.0, 0.0, 0.0, 0.0, 0.0, 0.0, 0.0, 0.0, 0.0, 0.0, 0.0, 0.0, 0.0, 0.0, 0.0, 0.0, 0.0, 0.0, 0.0, 0.0, 0.0, 0.0, 0.0, 0.0, 0.0, 0.0, 0.0], [46.06060606060606, 30.303030303030305, 18.939393939393938, 12.878787878787879, 7.878787878787878, 6.363636363636363, 4.393939393939394, 5.303030303030303, 5.757575757575758, 18.333333333333332, 4.696969696969696, 6.8181818181818175, 2.878787878787879, 4.393939393939394, 1.2121212121212122, 2.272727272727273, 1.5151515151515151, 4.090909090909091, 4.545454545454546, 4.848484848484849, 0.45454545454545453, 1.5151515151515151, 0.7575757575757576, 7.727272727272727, 2.1212121212121215, 2.878787878787879, 2.1212121212121215, 1.5151515151515151, 1.3636363636363635, 0.9090909090909091, 1.6666666666666667, 19.393939393939394, 18.787878787878785, 16.363636363636363, 13.484848484848486, 13.787878787878787, 19.848484848484848, 16.060606060606062, 11.212121212121213, 11.666666666666666, 12.727272727272727, 8.181818181818182, 13.484848484848486, 11.515151515151516, 8.333333333333332, 7.121212121212121, 8.93939393939394, 5.909090909090909, 6.363636363636363, 8.484848484848486, 8.181818181818182, 7.424242424242425, 5.757575757575758, 6.363636363636363, 6.212121212121212, 5.454545454545454, 8.484848484848486, 7.121212121212121, 6.212121212121212, 5.303030303030303, 7.121212121212121, 9.848484848484848, 10.454545454545453, 8.636363636363637, 7.121212121212121, 5.909090909090909, 6.363636363636363, 6.969696969696971, 7.2727272727272725, 7.121212121212121, 7.424242424242425, 4.696969696969696, 4.696969696969696, 12.424242424242424, 6.666666666666667, 6.969696969696971, 3.939393939393939, 4.090909090909091, 3.787878787878788, 3.787878787878788, 3.4848484848484853, 6.363636363636363, 4.393939393939394, 6.8181818181818175, 3.787878787878788, 3.0303030303030303, 4.090909090909091, 3.4848484848484853, 3.6363636363636362, 4.848484848484849, 8.181818181818182, 9.545454545454547, 8.787878787878787, 9.848484848484848, 3.6363636363636362, 5.606060606060606, 6.969696969696971, 3.939393939393939, 5.909090909090909, 7.878787878787878, 8.181818181818182], [33.484848484848484, 15.606060606060607, 11.666666666666666, 10.757575757575758, 13.030303030303031, 10.606060606060606, 8.484848484848486, 6.515151515151516, 7.878787878787878, 5.909090909090909, 6.666666666666667, 5.303030303030303, 6.515151515151516, 10.0, 4.090909090909091, 10.909090909090908, 14.242424242424242, 9.545454545454547, 5.757575757575758, 6.0606060606060606, 8.787878787878787, 8.484848484848486, 17.575757575757574, 15.606060606060607, 16.515151515151516, 16.363636363636363, 23.636363636363637, 6.969696969696971, 17.575757575757574, 15.757575757575756, 11.515151515151516, 4.696969696969696, 6.212121212121212, 15.303030303030301, 16.818181818181817, 18.333333333333332, 14.545454545454545, 15.909090909090908, 12.272727272727273, 9.848484848484848, 7.424242424242425, 5.757575757575758, 5.606060606060606, 4.848484848484849, 15.757575757575756, 4.848484848484849, 4.090909090909091, 17.272727272727273, 15.303030303030301, 7.575757575757576, 9.393939393939393, 3.1818181818181817, 7.121212121212121, 12.272727272727273, 8.484848484848486, 14.242424242424242, 17.424242424242426, 4.848484848484849, 5.454545454545454, 3.6363636363636362, 3.4848484848484853, 10.303030303030303, 4.242424242424243, 10.606060606060606, 5.0, 14.696969696969697, 10.757575757575758, 5.151515151515151, 16.060606060606062, 14.696969696969697, 11.06060606060606, 14.09090909090909, 15.303030303030301, 15.454545454545453, 13.787878787878787, 13.787878787878787, 13.939393939393941, 14.393939393939394, 13.939393939393941, 12.121212121212121, 12.575757575757576, 12.272727272727273, 11.363636363636363, 11.818181818181818, 11.969696969696969, 11.515151515151516, 11.515151515151516, 11.363636363636363, 11.515151515151516, 12.272727272727273, 11.515151515151516, 16.969696969696972, 16.969696969696972, 12.727272727272727, 11.515151515151516, 11.515151515151516, 10.909090909090908, 10.454545454545453, 11.06060606060606, 10.606060606060606, 12.121212121212121], [35.45454545454545, 18.03030303030303, 23.78787878787879, 15.151515151515152, 13.333333333333334, 13.030303030303031, 18.181818181818183, 13.636363636363635, 21.818181818181817, 18.636363636363637, 16.969696969696972, 15.606060606060607, 12.727272727272727, 14.242424242424242, 9.393939393939393, 11.666666666666666, 10.757575757575758, 16.666666666666664, 17.575757575757574, 7.727272727272727, 15.606060606060607, 13.333333333333334, 15.909090909090908, 13.484848484848486, 8.787878787878787, 8.333333333333332, 13.636363636363635, 15.454545454545453, 16.666666666666664, 16.666666666666664, 13.636363636363635, 11.666666666666666, 12.878787878787879, 16.666666666666664, 11.363636363636363, 19.848484848484848, 10.0, 12.424242424242424, 11.363636363636363, 8.181818181818182, 8.181818181818182, 7.424242424242425, 10.454545454545453, 8.484848484848486, 8.636363636363637, 10.151515151515152, 16.060606060606062, 6.0606060606060606, 5.757575757575758, 6.212121212121212, 8.333333333333332, 13.333333333333334, 7.878787878787878, 7.121212121212121, 8.333333333333332, 6.515151515151516, 10.303030303030303, 10.303030303030303, 6.363636363636363, 6.0606060606060606, 5.909090909090909, 5.303030303030303, 8.333333333333332, 4.545454545454546, 6.666666666666667, 12.878787878787879, 9.848484848484848, 7.575757575757576, 11.666666666666666, 6.0606060606060606, 6.0606060606060606, 14.696969696969697, 6.8181818181818175, 18.787878787878785, 6.8181818181818175, 6.515151515151516, 20.151515151515152, 4.696969696969696, 5.303030303030303, 4.848484848484849, 10.0, 5.454545454545454, 4.242424242424243, 4.848484848484849, 4.545454545454546, 4.242424242424243, 4.393939393939394, 4.242424242424243, 4.242424242424243, 4.242424242424243, 4.242424242424243, 4.242424242424243, 4.242424242424243, 4.242424242424243, 4.242424242424243, 4.242424242424243, 4.090909090909091, 4.090909090909091, 4.090909090909091, 3.939393939393939, 5.454545454545454]], "test_error": 31.2}