{"model": "Basic_CNN", "learning_rates": [0.01, 0.005, 0.001], "nb_epochs_total": 500, "epoch_step": 25, "mini_batch_size": 250, "best_epoch": 25, "best_lr": 0.005, "best_error": 0, "results": [[49.24242424242424, 45.45454545454545, 35.15151515151515, 42.72727272727273, 17.424242424242426, 5.606060606060606, 4.393939393939394, 4.696969696969696, 3.3333333333333335, 2.4242424242424243, 3.6363636363636362, 3.787878787878788, 2.5757575757575757, 3.6363636363636362, 1.6666666666666667, 1.8181818181818181, 1.2121212121212122, 1.2121212121212122, 0.9090909090909091, 0.9090909090909091], [0.0, 0.0, 0.0, 0.0, 0.0, 0.0, 0.0, 0.0, 0.0, 0.0, 0.0, 0.0, 0.0, 0.0, 0.0, 0.0, 0.0, 0.0, 0.0, 0.0], [0.0, 0.0, 0.0, 0.0, 0.0, 0.0, 0.0, 0.0, 0.0, 0.0, 0.0, 0.0, 0.0, 0.0, 0.0, 0.0, 0.0, 0.0, 0.0, 0.0]]}