{"model": "CNN_dropout", "learning_rates": [0.01, 0.005, 0.001], "nb_epochs_total": 500, "epoch_step": 25, "mini_batch_size": 250, "best_epoch": 125, "best_lr": 0.01, "best_error": 1, "results": [[34.696969696969695, 0.7575757575757576, 0.30303030303030304, 0.6060606060606061, 0.45454545454545453, 0.15151515151515152, 0.30303030303030304, 0.45454545454545453, 20.303030303030305, 8.93939393939394, 6.969696969696971, 7.121212121212121, 6.666666666666667, 4.696969696969696, 6.0606060606060606, 4.242424242424243, 4.393939393939394, 5.303030303030303, 7.2727272727272725, 3.0303030303030303, 4.090909090909091], [40.60606060606061, 1.3636363636363635, 1.2121212121212122, 0.9090909090909091, 0.7575757575757576, 0.9090909090909091, 0.9090909090909091, 1.0606060606060608, 0.9090909090909091, 0.9090909090909091, 0.9090909090909091, 0.9090909090909091, 0.9090909090909091, 0.7575757575757576, 0.9090909090909091, 0.9090909090909091, 0.7575757575757576, 0.9090909090909091, 0.9090909090909091, 0.7575757575757576, 0.6060606060606061], [41.060606060606055, 8.333333333333332, 2.272727272727273, 1.5151515151515151, 1.3636363636363635, 0.9090909090909091, 0.9090909090909091, 0.9090909090909091, 1.0606060606060608, 1.2121212121212122, 1.2121212121212122, 1.2121212121212122, 1.2121212121212122, 1.2121212121212122, 1.0606060606060608, 0.9090909090909091, 1.0606060606060608, 1.0606060606060608, 0.9090909090909091, 1.2121212121212122, 1.0606060606060608]]}