{"model": "CNN_batchnorm", "learning_rates": [0.01, 0.005, 0.001], "nb_epochs_total": 500, "epoch_step": 25, "mini_batch_size": 250, "best_epoch": 100, "best_lr": 0.005, "best_error": 2, "results": [[32.121212121212125, 2.1212121212121215, 1.0606060606060608, 0.9090909090909091, 0.9090909090909091, 0.9090909090909091, 0.9090909090909091, 0.9090909090909091, 0.9090909090909091, 0.9090909090909091, 0.9090909090909091, 0.9090909090909091, 0.9090909090909091, 0.9090909090909091, 0.9090909090909091, 0.9090909090909091, 0.9090909090909091, 0.9090909090909091, 0.9090909090909091, 0.9090909090909091, 0.9090909090909091], [47.42424242424242, 1.6666666666666667, 0.45454545454545453, 0.45454545454545453, 0.30303030303030304, 0.45454545454545453, 0.45454545454545453, 0.45454545454545453, 0.45454545454545453, 0.45454545454545453, 0.45454545454545453, 0.45454545454545453, 0.45454545454545453, 0.45454545454545453, 0.45454545454545453, 0.45454545454545453, 0.45454545454545453, 0.45454545454545453, 0.45454545454545453, 0.45454545454545453, 0.45454545454545453], [50.75757575757576, 4.090909090909091, 2.272727272727273, 1.6666666666666667, 1.3636363636363635, 1.2121212121212122, 1.0606060606060608, 1.0606060606060608, 0.7575757575757576, 0.7575757575757576, 0.7575757575757576, 0.7575757575757576, 0.7575757575757576, 0.7575757575757576, 0.7575757575757576, 0.7575757575757576, 0.7575757575757576, 0.7575757575757576, 0.7575757575757576, 0.7575757575757576, 0.7575757575757576]]}