{"model": "CNN_1D", "learning_rates": [0.01, 0.005, 0.001], "nb_epochs_total": 500, "epoch_step": 25, "mini_batch_size": 250, "best_epoch": 25, "best_lr": 0.01, "best_error": 0, "results": [[31.060606060606062, 0.0, 0.15151515151515152, 0.15151515151515152, 0.15151515151515152, 0.15151515151515152, 0.15151515151515152, 0.15151515151515152, 0.15151515151515152, 0.15151515151515152, 0.15151515151515152, 0.15151515151515152, 0.15151515151515152, 0.15151515151515152, 0.15151515151515152, 0.15151515151515152, 0.15151515151515152, 0.15151515151515152, 0.15151515151515152, 0.15151515151515152, 0.15151515151515152], [39.09090909090909, 0.45454545454545453, 0.45454545454545453, 0.45454545454545453, 0.30303030303030304, 0.30303030303030304, 0.30303030303030304, 0.30303030303030304, 0.30303030303030304, 0.30303030303030304, 0.30303030303030304, 0.30303030303030304, 0.30303030303030304, 0.30303030303030304, 0.30303030303030304, 0.30303030303030304, 0.30303030303030304, 0.30303030303030304, 0.30303030303030304, 0.30303030303030304, 0.30303030303030304], [41.66666666666667, 6.969696969696971, 1.9696969696969695, 0.6060606060606061, 0.6060606060606061, 0.45454545454545453, 0.45454545454545453, 0.30303030303030304, 0.30303030303030304, 0.15151515151515152, 0.15151515151515152, 0.15151515151515152, 0.15151515151515152, 0.15151515151515152, 0.15151515151515152, 0.15151515151515152, 0.15151515151515152, 0.15151515151515152, 0.15151515151515152, 0.15151515151515152, 0.15151515151515152]]}