{"model": "CNN_both", "learning_rates": [0.01, 0.005, 0.001], "nb_epochs_total": 500, "epoch_step": 25, "mini_batch_size": 250, "best_epoch": 150, "best_lr": 0.01, "best_error": 2, "results": [[49.24242424242424, 1.3636363636363635, 0.6060606060606061, 0.7575757575757576, 0.45454545454545453, 0.6060606060606061, 0.30303030303030304, 0.45454545454545453, 0.45454545454545453, 0.30303030303030304, 0.30303030303030304, 0.45454545454545453, 0.6060606060606061, 0.30303030303030304, 0.30303030303030304, 0.6060606060606061, 0.6060606060606061, 0.30303030303030304, 0.45454545454545453, 0.45454545454545453, 0.45454545454545453], [49.24242424242424, 0.9090909090909091, 0.6060606060606061, 0.6060606060606061, 0.6060606060606061, 0.7575757575757576, 0.7575757575757576, 0.7575757575757576, 0.6060606060606061, 0.7575757575757576, 0.7575757575757576, 0.6060606060606061, 0.6060606060606061, 0.6060606060606061, 0.45454545454545453, 9.090909090909092, 4.696969696969696, 1.5151515151515151, 1.2121212121212122, 1.0606060606060608, 1.0606060606060608], [40.909090909090914, 1.6666666666666667, 1.2121212121212122, 1.2121212121212122, 1.2121212121212122, 1.0606060606060608, 0.9090909090909091, 0.9090909090909091, 1.0606060606060608, 0.9090909090909091, 0.9090909090909091, 0.9090909090909091, 1.0606060606060608, 0.9090909090909091, 0.9090909090909091, 1.0606060606060608, 1.0606060606060608, 1.0606060606060608, 0.9090909090909091, 0.9090909090909091, 3.939393939393939]]}